,tp,tn,fp,fn,f1,mcc,ground_pairs,pred_pairs
0,62.0,9995.0,80.0,16.0,0.5636363636363636,0.5850914773861748,78,142
1,48.0,6642.0,68.0,28.0,0.5,0.5045203826413032,76,116
2,68.0,8899.0,66.0,12.0,0.6355140186915889,0.6530487143207476,80,134
3,22.0,7978.0,106.0,22.0,0.2558139534883721,0.28695797387925065,44,128
4,68.0,7130.0,50.0,12.0,0.686868686868687,0.6959892291667882,80,118
5,66.0,6660.0,50.0,10.0,0.6875000000000001,0.6989786413972666,76,116
6,66.0,6895.0,52.0,8.0,0.6874999999999999,0.7025974458492824,74,118
7,2.0,2605.0,70.0,24.0,0.04081632653061225,0.030765543873653944,26,72
8,0.0,3975.0,90.0,30.0,0.0,-0.01287805711560421,30,90
9,20.0,8331.0,110.0,54.0,0.19607843137254902,0.19472683425951764,74,130
10,0.0,594.0,36.0,0.0,0.0,0.0,0,36
11,62.0,7247.0,60.0,12.0,0.6326530612244898,0.6482607591536227,74,122
12,14.0,6960.0,106.0,60.0,0.1443298969072165,0.13723382443597532,74,120
13,42.0,2554.0,30.0,2.0,0.7241379310344828,0.741153098054398,44,72
14,42.0,2625.0,32.0,2.0,0.711864406779661,0.7309007470533284,44,74
15,24.0,2830.0,52.0,20.0,0.39999999999999997,0.40354661784425466,44,76
16,40.0,2921.0,38.0,4.0,0.6557377049180326,0.6770443821605182,44,78
17,40.0,2999.0,38.0,4.0,0.6557377049180326,0.6771924643647739,44,78
18,38.0,2480.0,32.0,6.0,0.6666666666666666,0.678131356542148,44,70
19,24.0,2681.0,50.0,20.0,0.4067796610169491,0.4087334152734189,44,74
20,16.0,2748.0,58.0,28.0,0.27118644067796616,0.2658863967883682,44,74
21,34.0,2766.0,40.0,10.0,0.576271186440678,0.5880092986219995,44,74
22,0.0,2049.0,66.0,30.0,0.0,-0.02122023380264101,30,66
23,36.0,2619.0,38.0,8.0,0.6101694915254238,0.6234009058144574,44,74
24,28.0,2468.0,44.0,16.0,0.4827586206896552,0.4864944632620079,44,72
25,26.0,2756.0,50.0,18.0,0.43333333333333335,0.4385640988536167,44,76
26,40.0,2770.0,36.0,4.0,0.6666666666666666,0.6858746809139269,44,76
27,32.0,2615.0,42.0,12.0,0.5423728813559323,0.5517343449885435,44,74
28,40.0,2999.0,38.0,4.0,0.6557377049180326,0.6771924643647739,44,78
29,42.0,3001.0,36.0,2.0,0.6885245901639344,0.7120220247064517,44,78
30,34.0,2474.0,38.0,10.0,0.5862068965517242,0.5955716429197002,44,72
31,44.0,2486.0,26.0,0.0,0.7719298245614035,0.7887112995917649,44,70
32,40.0,2770.0,36.0,4.0,0.6666666666666666,0.6858746809139269,44,76
33,42.0,2848.0,34.0,2.0,0.7000000000000001,0.7213395793966052,44,76
34,34.0,2691.0,40.0,10.0,0.576271186440678,0.5877930306093209,44,74
35,24.0,2905.0,54.0,20.0,0.3934426229508197,0.39826140127089305,44,78
36,26.0,2758.0,48.0,18.0,0.4406779661016949,0.4448435644737189,44,74
37,28.0,2987.0,50.0,16.0,0.459016393442623,0.4682151023147069,44,78
38,30.0,2613.0,44.0,14.0,0.5084745762711864,0.5159010645755865,44,74
39,36.0,2695.0,36.0,8.0,0.6206896551724137,0.6325483217527158,44,72
40,12.0,2895.0,64.0,32.0,0.19999999999999998,0.1920987381367621,44,76
41,42.0,3080.0,36.0,2.0,0.6885245901639344,0.7121468144823685,44,78
42,40.0,2846.0,36.0,4.0,0.6666666666666666,0.6860292503352329,44,76
43,32.0,3227.0,50.0,12.0,0.5079365079365079,0.5246156259406857,44,82
44,34.0,3150.0,46.0,10.0,0.5483870967741935,0.5655902028876288,44,80
45,38.0,2480.0,32.0,6.0,0.6666666666666666,0.678131356542148,44,70
46,22.0,2981.0,56.0,22.0,0.36065573770491804,0.3637264212896735,44,78
47,34.0,2617.0,40.0,10.0,0.576271186440678,0.5875676254015004,44,74
48,18.0,2824.0,58.0,26.0,0.3,0.2976156306601378,44,76
49,32.0,2544.0,40.0,12.0,0.5517241379310345,0.559473527342608,44,72
50,32.0,3068.0,48.0,12.0,0.5161290322580645,0.5310120827059088,44,80
51,26.0,2832.0,50.0,18.0,0.43333333333333335,0.43885694690562693,44,76
52,42.0,2482.0,30.0,2.0,0.7241379310344828,0.7410078824632899,44,72
53,34.0,2691.0,40.0,10.0,0.576271186440678,0.5877930306093209,44,74
54,20.0,2460.0,52.0,24.0,0.3448275862068966,0.34105822371841815,44,72
55,32.0,2762.0,44.0,12.0,0.5333333333333333,0.5445543483080354,44,76
56,30.0,2913.0,48.0,12.0,0.5,0.5153896366258941,42,78
57,24.0,2830.0,52.0,20.0,0.39999999999999997,0.40354661784425466,44,76
58,14.0,3456.0,70.0,30.0,0.21874999999999997,0.21715011228782846,44,84
59,24.0,2681.0,50.0,20.0,0.4067796610169491,0.4087334152734189,44,74
60,38.0,2770.0,36.0,6.0,0.6440677966101694,0.6595921656961398,44,74
61,42.0,2923.0,36.0,2.0,0.6885245901639344,0.7118922547717212,44,78
62,22.0,2828.0,54.0,22.0,0.3666666666666667,0.36823628878288234,44,76
63,34.0,2691.0,40.0,10.0,0.576271186440678,0.5877930306093209,44,74
64,42.0,3001.0,36.0,2.0,0.6885245901639344,0.7120220247064517,44,78
65,32.0,2991.0,46.0,12.0,0.5245901639344261,0.5378742229980626,44,78
66,36.0,2548.0,36.0,8.0,0.6206896551724137,0.632145355627324,44,72
67,26.0,2756.0,50.0,18.0,0.43333333333333335,0.4385640988536167,44,76
68,42.0,2848.0,34.0,2.0,0.7000000000000001,0.7213395793966052,44,76
69,22.0,2828.0,54.0,22.0,0.3666666666666667,0.36823628878288234,44,76
70,26.0,2832.0,50.0,18.0,0.43333333333333335,0.43885694690562693,44,76
71,24.0,3060.0,56.0,20.0,0.3870967741935483,0.39347124816896856,44,80
72,40.0,2848.0,34.0,4.0,0.6779661016949153,0.6955322150963577,44,74
73,32.0,2838.0,44.0,12.0,0.5333333333333333,0.5447879340897438,44,76
74,42.0,2848.0,34.0,2.0,0.7000000000000001,0.7213395793966052,44,76
75,40.0,2697.0,34.0,4.0,0.6779661016949153,0.695228799810862,44,74
76,40.0,3158.0,38.0,4.0,0.6557377049180326,0.677471860461976,44,78
77,42.0,2776.0,30.0,2.0,0.7241379310344828,0.74155379134796,44,72
78,28.0,2909.0,50.0,16.0,0.459016393442623,0.46795714649329934,44,78
79,32.0,2544.0,40.0,12.0,0.5517241379310345,0.559473527342608,44,72
80,42.0,2482.0,30.0,2.0,0.7241379310344828,0.7410078824632899,44,72
81,32.0,2838.0,44.0,12.0,0.5333333333333333,0.5447879340897438,44,76
82,42.0,2848.0,34.0,2.0,0.7000000000000001,0.7213395793966052,44,76
83,42.0,2848.0,34.0,2.0,0.7000000000000001,0.7213395793966052,44,76
84,42.0,3078.0,38.0,2.0,0.6774193548387099,0.7029381258770843,44,80
85,40.0,3319.0,40.0,4.0,0.6451612903225806,0.6689628797641155,44,80
86,32.0,2615.0,42.0,12.0,0.5423728813559323,0.5517343449885435,44,74
87,42.0,2774.0,32.0,2.0,0.711864406779661,0.7311750327702801,44,74
88,28.0,2758.0,48.0,16.0,0.4666666666666667,0.4738941820050896,44,76
89,32.0,2546.0,38.0,12.0,0.5614035087719298,0.5678046096751537,44,70
90,32.0,2838.0,44.0,12.0,0.5333333333333333,0.5447879340897438,44,76
91,148.0,63126.0,208.0,64.0,0.5211267605633803,0.5368032896965523,212,356
92,98.0,64170.0,262.0,90.0,0.3576642335766423,0.37426160801013325,188,360
93,82.0,34670.0,182.0,46.0,0.41836734693877553,0.4433035806465114,128,264
94,2.0,25758.0,226.0,120.0,0.011428571428571427,0.005640958800419569,122,228
95,16.0,23355.0,202.0,80.0,0.10191082802547771,0.10518262580152613,96,218
96,146.0,94726.0,290.0,104.0,0.42565597667638483,0.44034130909947256,250,436
97,64.0,7727.0,62.0,22.0,0.6037735849056604,0.6098080959969988,86,126
98,54.0,46880.0,252.0,92.0,0.23893805309734514,0.25221511480277437,146,306
99,4.0,5728.0,104.0,50.0,0.04938271604938271,0.0399540969833558,54,108
100,10.0,6512.0,104.0,44.0,0.11904761904761904,0.11716680410887932,54,114
101,0.0,4934.0,100.0,16.0,0.0,-0.008013104126976402,16,100
102,12.0,4560.0,84.0,0.0,0.2222222222222222,0.35034128801478037,12,96
103,82.0,18906.0,114.0,8.0,0.5734265734265734,0.6150518180435108,90,196
104,16.0,3655.0,70.0,0.0,0.3137254901960785,0.42725909653332106,16,86
105,88.0,19305.0,108.0,2.0,0.6153846153846154,0.6606086256265328,90,196
106,6.0,4005.0,84.0,0.0,0.125,0.25553304808715094,6,90
107,8.0,4090.0,84.0,4.0,0.15384615384615383,0.23577394628889417,12,92
108,12.0,2627.0,62.0,0.0,0.27906976744186046,0.39802412697305045,12,74
109,6.0,3239.0,76.0,0.0,0.13636363636363635,0.267382147253109,6,82
110,0.0,1885.0,62.0,6.0,0.0,-0.010051774329323535,6,62
111,64.0,18310.0,128.0,26.0,0.45390070921985815,0.4834505984736416,90,192
112,40.0,16977.0,146.0,42.0,0.29850746268656714,0.3191987345642325,82,186
113,64.0,17366.0,122.0,26.0,0.463768115942029,0.49115205016433167,90,186
114,48.0,24044.0,172.0,46.0,0.3057324840764331,0.3300012104933592,94,220
115,58.0,26301.0,170.0,36.0,0.36024844720496896,0.3930562658203965,94,228
116,86.0,27722.0,150.0,8.0,0.5212121212121211,0.575473632386091,94,236
117,64.0,31596.0,188.0,30.0,0.3699421965317919,0.4132458313740666,94,252
118,34.0,26510.0,196.0,56.0,0.2125,0.23233514650553827,90,230
119,28.0,27664.0,208.0,66.0,0.1696969696969697,0.1837503209678872,94,236
120,14.0,23365.0,202.0,72.0,0.09271523178807947,0.0975803727772564,86,216
121,26.0,13984.0,142.0,44.0,0.21848739495798322,0.2340807127683748,70,168
122,32.0,3388.0,52.0,14.0,0.4923076923076923,0.5064101205802142,46,84
123,32.0,3557.0,52.0,14.0,0.4923076923076923,0.5068043338159501,46,84
124,68.0,17933.0,122.0,22.0,0.48571428571428577,0.5167915665954472,90,190
125,24.0,3551.0,62.0,18.0,0.37499999999999994,0.38972312873381715,42,86
126,30.0,3148.0,50.0,12.0,0.4918032786885245,0.5092553373430451,42,80
127,40.0,2848.0,36.0,2.0,0.6779661016949152,0.7028682184238625,42,76
128,40.0,2482.0,30.0,4.0,0.7017543859649122,0.7149913375586869,44,70
129,48.0,3909.0,40.0,8.0,0.6666666666666665,0.6784375838182863,56,88
130,48.0,3740.0,40.0,0.0,0.7058823529411764,0.734630886692453,48,88
131,38.0,3160.0,42.0,0.0,0.6440677966101694,0.6846674514321485,38,80
132,70.0,8512.0,62.0,2.0,0.6862745098039216,0.7151999713648098,72,132
133,10.0,2278.0,58.0,0.0,0.25641025641025644,0.3786918724326881,10,68
134,0.0,2554.0,72.0,2.0,0.0,-0.004631839056171422,2,72
135,38.0,9983.0,104.0,28.0,0.36538461538461536,0.3869565399378273,66,142
136,10.0,2411.0,60.0,4.0,0.23809523809523808,0.3121364170687143,14,70
137,0.0,3072.0,80.0,8.0,0.0,-0.008119354887670824,8,80
138,12.0,4560.0,84.0,0.0,0.2222222222222222,0.35034128801478037,12,96
139,20.0,6741.0,96.0,46.0,0.21978021978021978,0.21878534907584354,66,116
140,16.0,9156.0,120.0,24.0,0.1818181818181818,0.2110093337045779,40,136
141,30.0,2268.0,38.0,10.0,0.5555555555555556,0.5660320597425607,40,68
142,6.0,3082.0,72.0,0.0,0.14285714285714288,0.2741661266845678,6,78
143,0.0,2550.0,72.0,6.0,0.0,-0.008028697681654408,6,72
144,8.0,4003.0,82.0,2.0,0.15999999999999998,0.2625591913279872,10,90
145,6.0,4094.0,86.0,0.0,0.12244897959183672,0.25273622234678667,6,92
146,14.0,6291.0,100.0,36.0,0.17073170731707316,0.175955280795374,50,114
147,28.0,7249.0,94.0,10.0,0.35,0.4064183301905892,38,122
148,0.0,5105.0,102.0,46.0,0.0,-0.013226332548833033,46,102
149,42.0,11318.0,110.0,6.0,0.42,0.48852648472605575,48,152
150,0.0,4940.0,100.0,10.0,0.0,-0.006331143136646553,10,100
151,12.0,6327.0,102.0,0.0,0.1904761904761905,0.32185881034041475,12,114
152,10.0,8646.0,122.0,0.0,0.14084507042253522,0.27331935012597386,10,132
153,10.0,3080.0,70.0,0.0,0.2222222222222222,0.3496029493900505,10,80
154,8.0,4371.0,86.0,0.0,0.1568627450980392,0.2889017369220712,8,94
155,32.0,16239.0,150.0,50.0,0.24242424242424246,0.2565839115998271,82,182
156,2.0,3313.0,80.0,8.0,0.04347826086956522,0.06227352055269657,10,82
157,6.0,2925.0,72.0,0.0,0.14285714285714288,0.27399831217559545,6,78
158,0.0,2550.0,72.0,6.0,0.0,-0.008028697681654408,6,72
159,2.0,5453.0,104.0,6.0,0.03508771929824561,0.06410662714441004,8,106
160,22.0,1821.0,40.0,8.0,0.47826086956521735,0.49947436980864657,30,62
161,40.0,2210.0,28.0,0.0,0.7407407407407407,0.7621520727178849,40,68
162,36.0,2141.0,30.0,4.0,0.679245283018868,0.6940599147190797,40,66
163,30.0,4657.0,66.0,0.0,0.47619047619047616,0.5550973538037026,30,96
164,32.0,2071.0,32.0,10.0,0.6037735849056604,0.6080757182470276,42,64
165,26.0,3480.0,58.0,6.0,0.4482758620689655,0.49501888791006227,32,84
166,66.0,62031.0,288.0,96.0,0.2558139534883721,0.2728979765202344,162,354
167,10.0,4655.0,88.0,0.0,0.1851851851851852,0.3164610338036689,10,98
168,14.0,8476.0,118.0,38.0,0.15217391304347827,0.16111534427683677,52,132
169,42.0,8636.0,90.0,10.0,0.45652173913043476,0.5027812917210515,52,132
170,24.0,9704.0,114.0,28.0,0.25263157894736843,0.2774053157326578,52,138
171,14.0,12524.0,144.0,38.0,0.13333333333333336,0.14855514909881462,52,158
172,20.0,8879.0,114.0,32.0,0.21505376344086022,0.2327608322066636,52,134
173,68.0,14002.0,100.0,26.0,0.5190839694656488,0.5372230441903,94,168
174,80.0,14863.0,94.0,14.0,0.5970149253731344,0.6225827062832592,94,174
175,78.0,16822.0,104.0,16.0,0.5652173913043478,0.5934704183401415,94,182
176,82.0,13848.0,86.0,12.0,0.6259541984732824,0.6496328018014517,94,168
177,58.0,12373.0,100.0,30.0,0.47154471544715443,0.48726471365006624,88,158
178,26.0,2615.0,46.0,14.0,0.4642857142857143,0.4744580633361037,40,72
179,16.0,4906.0,84.0,44.0,0.2,0.19430013412573752,60,100
180,14.0,9419.0,124.0,34.0,0.15053763440860216,0.16513280817891698,48,138
181,14.0,7966.0,114.0,34.0,0.15909090909090912,0.17081644849342698,48,128
182,24.0,3225.0,56.0,16.0,0.4,0.4147310229240189,40,80
183,32.0,2476.0,40.0,8.0,0.5714285714285714,0.5881873670021752,40,72
184,28.0,8859.0,106.0,52.0,0.2616822429906542,0.2620882866786149,80,134
185,14.0,9387.0,124.0,66.0,0.12844036697247707,0.1236938447481202,80,138
186,0.0,8313.0,130.0,72.0,0.0,-0.011498415453856149,72,130
187,20.0,2464.0,52.0,20.0,0.35714285714285715,0.3595670947914757,40,72
188,54.0,8231.0,74.0,26.0,0.5192307692307693,0.5281185303703047,80,128
189,58.0,8630.0,72.0,18.0,0.5631067961165048,0.5789845860192093,76,130
190,28.0,7470.0,94.0,34.0,0.30434782608695654,0.3143354661279887,62,122
191,18.0,8616.0,112.0,32.0,0.2,0.21629785450683747,50,130
192,36.0,8237.0,94.0,18.0,0.391304347826087,0.4243368424663619,54,130
193,48.0,8385.0,82.0,0.0,0.5393258426966292,0.6046940511337582,48,130
194,36.0,2345.0,30.0,4.0,0.679245283018868,0.6946280165809268,40,66
195,10.0,8448.0,122.0,66.0,0.09615384615384616,0.08933085676826752,76,132
196,50.0,9042.0,86.0,2.0,0.5319148936170213,0.5914663357507202,52,136
197,26.0,9427.0,112.0,26.0,0.2736842105263158,0.30107780339407814,52,138
198,40.0,8365.0,90.0,20.0,0.42105263157894735,0.44753569181378755,60,130
199,22.0,2397.0,48.0,18.0,0.4,0.40340310164479953,40,70
200,28.0,8235.0,102.0,20.0,0.31460674157303375,0.34874379456619264,48,130
201,0.0,8470.0,132.0,44.0,0.0,-0.008905263241273657,44,132
202,34.0,9156.0,102.0,24.0,0.35051546391752575,0.37721822120691684,58,136
203,80.0,16449.0,100.0,24.0,0.5633802816901408,0.5814488828787713,104,180
204,34.0,8090.0,94.0,38.0,0.33999999999999997,0.3467406406776364,72,128
205,32.0,8351.0,96.0,36.0,0.32653061224489793,0.33590871254377075,68,128
206,46.0,7249.0,74.0,12.0,0.5168539325842697,0.5466766087475721,58,120
207,46.0,4170.0,46.0,16.0,0.5974025974025974,0.6022608771859188,62,92
208,64.0,4560.0,30.0,2.0,0.7999999999999999,0.8095350224739458,66,94
209,36.0,8498.0,94.0,18.0,0.391304347826087,0.42449940499591293,54,130
210,38.0,8769.0,94.0,10.0,0.4222222222222222,0.4732453249132997,48,132
211,16.0,7606.0,108.0,20.0,0.19999999999999998,0.23326437047294057,36,124
212,14.0,5232.0,88.0,22.0,0.2028985507246377,0.22259245024084026,36,102
213,26.0,2542.0,46.0,14.0,0.4642857142857143,0.47417382318502177,40,72
214,12.0,5127.0,90.0,24.0,0.1739130434782609,0.18897990522262045,36,102
215,34.0,3565.0,50.0,6.0,0.5483870967741935,0.5805551828862399,40,84
216,0.0,42414.0,292.0,72.0,0.0,-0.003404005896377599,72,292
217,6.0,36255.0,264.0,60.0,0.03571428571428571,0.041488530582871566,66,270
218,40.0,2556.0,32.0,0.0,0.7142857142857143,0.7407335851735214,40,72
219,36.0,9987.0,106.0,24.0,0.3564356435643564,0.38475560306799816,60,142
220,42.0,5993.0,68.0,2.0,0.5454545454545455,0.5998869760583196,44,110
221,42.0,6901.0,76.0,2.0,0.5185185185185185,0.5793124522223925,44,118
222,0.0,7918.0,128.0,82.0,0.0,-0.01276958853097118,82,128
223,20.0,1579.0,38.0,16.0,0.4255319148936171,0.42205461141090717,36,58
224,16.0,6506.0,100.0,48.0,0.17777777777777778,0.17514198562569752,64,116
225,8.0,6903.0,110.0,0.0,0.12698412698412698,0.2583277177410803,8,118
226,0.0,4182.0,90.0,6.0,0.0,-0.005493864216220754,6,90
227,0.0,6096.0,110.0,10.0,0.0,-0.005387807332205399,10,110
228,14.0,33833.0,246.0,98.0,0.07526881720430108,0.07747193976110413,112,260
229,40.0,3655.0,46.0,0.0,0.6349206349206349,0.6777428087259866,40,86
230,16.0,6299.0,96.0,30.0,0.20253164556962025,0.2143999533040266,46,112
231,8.0,6293.0,102.0,38.0,0.10256410256410256,0.10266497154011096,46,110
232,16.0,938.0,28.0,8.0,0.4705882352941177,0.47591113189340367,24,44
233,0.0,2234.0,68.0,44.0,0.0,-0.023886431591400917,44,68
234,14.0,3629.0,72.0,26.0,0.22222222222222227,0.226844504802992,40,86
235,16.0,3484.0,68.0,2.0,0.3137254901960784,0.40640702835555537,18,84
236,28.0,5871.0,82.0,14.0,0.3684210526315789,0.4057555075440007,42,110
237,30.0,4086.0,60.0,10.0,0.46153846153846156,0.4933359404405853,40,90
238,28.0,8630.0,104.0,16.0,0.3181818181818182,0.3623600382710112,44,132
239,40.0,3651.0,46.0,4.0,0.6153846153846153,0.6450306021998415,44,86
240,10.0,7966.0,118.0,34.0,0.11627906976744184,0.12534527905590329,44,128
241,30.0,6863.0,88.0,40.0,0.3191489361702127,0.3214500717800032,70,118
242,20.0,3470.0,62.0,18.0,0.3333333333333333,0.348515135478227,38,82
243,22.0,2538.0,50.0,18.0,0.39285714285714285,0.3980138911883076,40,72
244,32.0,9012.0,104.0,32.0,0.31999999999999995,0.3365025118623367,64,136
245,4.0,5085.0,98.0,66.0,0.046511627906976744,0.031772661426439634,70,102
246,18.0,6751.0,100.0,34.0,0.21176470588235294,0.2211675971166555,52,118
247,24.0,1326.0,28.0,0.0,0.631578947368421,0.6723050584225158,24,52
248,18.0,3072.0,62.0,8.0,0.339622641509434,0.38674440248229325,26,80
249,16.0,3394.0,66.0,10.0,0.29629629629629634,0.3385281037565523,26,82
250,26.0,2629.0,46.0,0.0,0.5306122448979591,0.5957359733540345,26,72
251,8.0,2615.0,64.0,14.0,0.1702127659574468,0.18957959804237348,22,72
252,0.0,2991.0,78.0,12.0,0.0,-0.010077709008612604,12,78
253,0.0,3068.0,80.0,12.0,0.0,-0.00995045400189405,12,80
254,10.0,946.0,34.0,0.0,0.37037037037037035,0.46838846602157147,10,44
255,6.0,2075.0,60.0,4.0,0.15789473684210525,0.22558878845319766,10,66
256,16.0,5732.0,92.0,46.0,0.18823529411764706,0.18428992783073958,62,108
257,0.0,5879.0,110.0,6.0,0.0,-0.004327345564860273,6,110
258,0.0,3319.0,80.0,4.0,0.0,-0.005322727542101523,4,80
259,70.0,27925.0,166.0,42.0,0.40229885057471265,0.4274328557543809,112,236
260,64.0,30083.0,182.0,52.0,0.35359116022099446,0.37554204316889334,116,246
261,0.0,2697.0,74.0,4.0,0.0,-0.006288764049039039,4,74
262,0.0,3078.0,78.0,4.0,0.0,-0.005663598819339372,4,78
263,6.0,2999.0,72.0,4.0,0.13636363636363635,0.2087639878392516,10,78
264,46.0,9180.0,88.0,2.0,0.5054945054945055,0.5705382859553189,48,134
265,48.0,9425.0,88.0,30.0,0.4485981308411215,0.46044160358330666,78,136
266,52.0,8895.0,82.0,16.0,0.5148514851485149,0.5402315880909518,68,134
267,12.0,56076.0,324.0,204.0,0.043478260869565216,0.03998010337518409,216,336
268,2.0,59808.0,346.0,222.0,0.006993006993006993,0.002551257514069185,224,348
269,40.0,8735.0,92.0,44.0,0.37037037037037035,0.37256862499296256,84,132
270,82.0,8775.0,52.0,2.0,0.7522935779816514,0.7704182245425025,84,134
271,38.0,2554.0,34.0,2.0,0.6785714285714285,0.7026536191751643,40,72
272,0.0,8709.0,132.0,70.0,0.0,-0.010910955029981012,70,132
273,16.0,9429.0,122.0,24.0,0.1797752808988764,0.20955357841812255,40,138
274,28.0,8632.0,102.0,16.0,0.3218390804597701,0.3652284409966666,44,130
275,28.0,2198.0,40.0,12.0,0.5185185185185185,0.5264712010005081,40,68
276,28.0,3233.0,52.0,8.0,0.48275862068965514,0.5145882957759684,36,80
277,4.0,3714.0,84.0,26.0,0.06779661016949153,0.06543798524998157,30,88
278,36.0,8002.0,90.0,0.0,0.4444444444444445,0.531541667256083,36,126
279,46.0,8217.0,84.0,38.0,0.42990654205607476,0.4332643240997421,84,130
280,50.0,8367.0,80.0,18.0,0.5050505050505051,0.5268820451912059,68,130
281,54.0,8897.0,80.0,14.0,0.5346534653465347,0.5614202180712768,68,134
282,26.0,9678.0,114.0,52.0,0.23853211009174316,0.24088053925923825,78,140
283,52.0,9150.0,84.0,30.0,0.4770642201834862,0.48677189615927013,82,136
284,50.0,8375.0,78.0,12.0,0.5263157894736842,0.5570233521658233,62,128
285,94.0,30059.0,152.0,76.0,0.4519230769230769,0.4560505717213736,170,246
286,62.0,19433.0,136.0,70.0,0.3757575757575758,0.37847027729212285,132,198
287,2.0,7076.0,118.0,64.0,0.021505376344086023,0.01034777607660813,66,120
288,2.0,7448.0,122.0,54.0,0.022222222222222223,0.013229857370050824,56,124
289,20.0,6741.0,98.0,44.0,0.21978021978021978,0.22046259535829668,64,118
290,22.0,2397.0,48.0,18.0,0.4,0.40340310164479953,40,70
291,18.0,4001.0,72.0,4.0,0.32142857142857145,0.3991257709697305,22,90
292,0.0,4263.0,94.0,14.0,0.0,-0.008403583884307843,14,94
293,28.0,2472.0,44.0,12.0,0.5,0.5119806095986087,40,72
294,0.0,7683.0,126.0,66.0,0.0,-0.011722944218207675,66,126
295,6.0,7954.0,122.0,46.0,0.06666666666666667,0.06421789449883637,52,128
296,6.0,3078.0,74.0,2.0,0.13636363636363635,0.23241653365957735,8,80
297,36.0,8221.0,92.0,36.0,0.36,0.3679411477336216,72,128
298,36.0,6439.0,78.0,2.0,0.47368421052631576,0.5432300937498754,38,114
299,16.0,1082.0,30.0,0.0,0.5161290322580645,0.5817579304543632,16,46
300,40.0,8365.0,90.0,20.0,0.42105263157894735,0.44753569181378755,60,130
301,32.0,3160.0,48.0,0.0,0.5714285714285715,0.627706111642635,32,80
302,48.0,19096.0,148.0,14.0,0.3720930232558139,0.43261234446489877,62,196
303,42.0,18316.0,150.0,20.0,0.3307086614173228,0.38167857457703935,62,192
304,40.0,16273.0,142.0,16.0,0.3361344537815126,0.3929268627182725,56,182
305,34.0,2081.0,30.0,0.0,0.6938775510204082,0.7236713760679141,34,64
306,44.0,6654.0,72.0,16.0,0.5,0.5218879799047094,60,116
307,40.0,68546.0,332.0,88.0,0.15999999999999998,0.180801998173735,128,372
308,52.0,20909.0,154.0,0.0,0.4031007751937985,0.5005812507152365,52,206
309,40.0,17943.0,150.0,12.0,0.3305785123966942,0.3996115447321958,52,190
310,48.0,17761.0,142.0,4.0,0.39669421487603307,0.4806126758278656,52,190
311,48.0,37123.0,226.0,4.0,0.294478527607362,0.40068450505139197,52,274
312,38.0,3740.0,50.0,0.0,0.6031746031746031,0.65277972703789,38,88
313,42.0,6437.0,72.0,4.0,0.525,0.5759765275210158,46,114
314,40.0,11318.0,112.0,6.0,0.40404040404040403,0.475182892453157,46,152
315,30.0,2987.0,48.0,16.0,0.4838709677419355,0.4912868002318091,46,78
316,34.0,3066.0,46.0,14.0,0.53125,0.5400065042352207,48,80
317,22.0,2977.0,56.0,26.0,0.34920634920634913,0.3467815381020368,48,78
318,46.0,3074.0,34.0,6.0,0.696969696969697,0.7075744917504779,52,80
319,50.0,3160.0,28.0,2.0,0.7692307692307693,0.7811133676212982,52,78
320,2.0,3030.0,78.0,50.0,0.030303030303030307,0.010824085709497396,52,80
321,26.0,3060.0,54.0,20.0,0.4126984126984127,0.4177345752769256,46,80
322,10.0,3046.0,68.0,36.0,0.16129032258064516,0.15095318445642655,46,78
323,36.0,2343.0,32.0,4.0,0.6666666666666667,0.68397847299185,40,68
324,46.0,2844.0,30.0,6.0,0.71875,0.7261313528619472,52,76
325,36.0,2993.0,42.0,10.0,0.5806451612903226,0.5935124118691566,46,78
326,36.0,8646.0,96.0,0.0,0.42857142857142855,0.5193576096474336,36,132
327,36.0,4850.0,64.0,0.0,0.5294117647058824,0.5960799906986942,36,100
328,36.0,3655.0,50.0,0.0,0.5901639344262295,0.6426161105878412,36,86
329,36.0,4854.0,60.0,0.0,0.5454545454545454,0.608622416134376,36,96
330,32.0,5047.0,68.0,4.0,0.47058823529411764,0.5286746513523181,36,100
331,40.0,2079.0,26.0,0.0,0.7547169811320755,0.7736761737656986,40,66
332,42.0,5670.0,64.0,2.0,0.5599999999999999,0.6111145549186908,44,106
333,16.0,3297.0,66.0,24.0,0.26229508196721313,0.2673398184293872,40,82
334,44.0,10439.0,102.0,0.0,0.4631578947368421,0.5463091223366842,44,146
335,44.0,7626.0,80.0,0.0,0.5238095238095238,0.5925832803913094,44,124
336,42.0,6901.0,76.0,2.0,0.5185185185185185,0.5793124522223925,44,118
337,44.0,5037.0,58.0,12.0,0.5569620253164557,0.5763545753799796,56,102
338,36.0,14020.0,132.0,8.0,0.33962264150943394,0.41576999338448123,44,168
339,46.0,6787.0,70.0,0.0,0.5679012345679012,0.6265010036832972,46,116
340,42.0,3398.0,42.0,4.0,0.6461538461538461,0.6703416338725611,46,84
341,46.0,3486.0,38.0,0.0,0.7076923076923077,0.7360122019419865,46,84
342,40.0,2484.0,32.0,0.0,0.7142857142857143,0.7406008818093082,40,72
343,22.0,2538.0,50.0,18.0,0.39285714285714285,0.3980138911883076,40,72
344,32.0,3911.0,58.0,4.0,0.5079365079365079,0.5567407854431311,36,90
345,42.0,4948.0,58.0,2.0,0.5833333333333334,0.6290166425635141,44,100
346,30.0,3311.0,52.0,10.0,0.4918032786885247,0.516257181422134,40,82
347,22.0,3303.0,60.0,18.0,0.36065573770491804,0.37401868828342155,40,82
348,52.0,6317.0,62.0,10.0,0.5909090909090909,0.6138612852304837,62,114
349,10.0,2959.0,68.0,44.0,0.15151515151515152,0.13593175493268886,54,78
350,42.0,10581.0,104.0,4.0,0.4375,0.5094261538086949,46,146
351,40.0,4172.0,52.0,14.0,0.5479452054794521,0.5606001543190413,54,92
352,48.0,3565.0,36.0,6.0,0.6956521739130435,0.7076348591459343,54,84
353,40.0,5549.0,66.0,16.0,0.4938271604938272,0.5129194514384284,56,106
354,50.0,4846.0,48.0,6.0,0.6493506493506493,0.6704053489850088,56,98
355,36.0,7140.0,84.0,0.0,0.4615384615384615,0.5445288127427022,36,120
356,28.0,3909.0,62.0,6.0,0.45161290322580644,0.500113513017345,34,90
357,32.0,4092.0,60.0,2.0,0.5079365079365079,0.5673505235458769,34,92
358,2.0,1924.0,62.0,28.0,0.0425531914893617,0.02448013287447555,30,64
359,4.0,2252.0,64.0,26.0,0.0816326530612245,0.07078992416464108,30,68
360,28.0,2343.0,42.0,2.0,0.5599999999999999,0.6045728306159719,30,70
361,24.0,2206.0,42.0,6.0,0.5000000000000001,0.5310328324358051,30,66
362,40.0,4828.0,60.0,22.0,0.49382716049382713,0.5002836274557992,62,100
363,62.0,5145.0,40.0,6.0,0.7294117647058823,0.7405859965806848,68,102
364,38.0,3484.0,46.0,2.0,0.6129032258064516,0.6506376061335305,40,84
365,48.0,2210.0,20.0,0.0,0.8275862068965517,0.8363919951235345,48,68
366,52.0,4184.0,40.0,2.0,0.7123287671232876,0.7338088398727651,54,92
367,0.0,3865.0,90.0,50.0,0.0,-0.01704775242650861,50,90
368,28.0,3714.0,58.0,28.0,0.3943661971830986,0.3926297881242676,56,86
369,46.0,5354.0,58.0,2.0,0.6052631578947368,0.6471353601270285,48,104
370,56.0,3488.0,26.0,0.0,0.8115942028985507,0.8233309604115284,56,82
371,56.0,4448.0,40.0,16.0,0.6666666666666666,0.6676442656235128,72,96
372,48.0,2478.0,24.0,6.0,0.761904761904762,0.7642472137724319,54,72
373,44.0,4180.0,48.0,6.0,0.619718309859155,0.6435797150437951,50,92
374,28.0,6208.0,82.0,10.0,0.37837837837837834,0.4278754038353324,38,110
375,10.0,5097.0,92.0,54.0,0.12048192771084337,0.11012832414291142,64,102
376,20.0,1928.0,42.0,26.0,0.37037037037037035,0.3575941111193403,46,62
377,50.0,3732.0,34.0,12.0,0.684931506849315,0.6870960491461443,62,84
378,54.0,2345.0,14.0,2.0,0.8709677419354839,0.87190984495673,56,68
379,22.0,3120.0,58.0,40.0,0.3098591549295775,0.2971551021926083,62,80
380,36.0,3239.0,44.0,2.0,0.6101694915254237,0.6478490379429169,38,80
381,32.0,3233.0,50.0,6.0,0.5333333333333333,0.5667021412796679,38,82
382,46.0,4001.0,44.0,4.0,0.6571428571428571,0.6809952708825948,50,90
383,58.0,6433.0,56.0,8.0,0.6444444444444445,0.6645533350120132,66,114
384,54.0,3903.0,34.0,14.0,0.6923076923076923,0.6922374238073888,68,88
385,54.0,4182.0,38.0,4.0,0.7200000000000001,0.7350580322027644,58,92
386,56.0,4365.0,38.0,6.0,0.7179487179487178,0.7291929863774608,62,94
387,6.0,4498.0,90.0,62.0,0.07317073170731707,0.057928448545351494,68,96
388,36.0,5047.0,66.0,2.0,0.5142857142857143,0.5739680369871575,38,102
389,46.0,4444.0,50.0,20.0,0.5679012345679013,0.5705792560934128,66,96
390,62.0,4001.0,28.0,4.0,0.7948717948717948,0.8008865426260275,66,90
391,24.0,4836.0,76.0,14.0,0.34782608695652173,0.3822134746162941,38,100
392,12.0,4727.0,86.0,26.0,0.1764705882352941,0.18668275143419086,38,98
393,60.0,7261.0,60.0,0.0,0.6666666666666666,0.704203237107812,60,120
394,52.0,4277.0,42.0,0.0,0.7123287671232876,0.7401432250024436,52,94
395,0.0,3676.0,88.0,64.0,0.0,-0.02000187526371308,64,88
396,10.0,4327.0,82.0,46.0,0.13513513513513511,0.12532202109160787,56,92
397,54.0,3400.0,30.0,2.0,0.7714285714285715,0.7833987173999897,56,84
398,20.0,5133.0,82.0,18.0,0.2857142857142857,0.3135790415797606,38,102
399,0.0,5489.0,106.0,76.0,0.0,-0.016085223474679885,76,106
400,28.0,5242.0,76.0,10.0,0.39436619718309857,0.43949653347382733,38,104
401,0.0,8741.0,132.0,38.0,0.0,-0.008024555750236235,38,132
402,0.0,11286.0,152.0,38.0,0.0,-0.006677880080180395,38,152
403,62.0,4454.0,34.0,10.0,0.738095238095238,0.7411676874560866,72,96
404,54.0,4261.0,40.0,16.0,0.6585365853658536,0.6595205614351075,70,94
405,60.0,4846.0,38.0,6.0,0.7317073170731708,0.7420971170384636,66,98
406,44.0,4172.0,48.0,14.0,0.5866666666666667,0.5957176388174055,58,92
407,44.0,6421.0,70.0,20.0,0.49438202247191015,0.5090061817830547,64,114
408,50.0,6427.0,64.0,14.0,0.5617977528089887,0.5802175089181536,64,114
409,0.0,3259.0,82.0,62.0,0.0,-0.02140573257025929,62,82
410,52.0,2770.0,24.0,4.0,0.7878787878787878,0.792549375402693,56,76
411,48.0,4355.0,46.0,16.0,0.6075949367088608,0.6123188205441568,64,94
412,38.0,2993.0,38.0,12.0,0.6031746031746031,0.6088896164567205,50,76
413,64.0,6431.0,50.0,10.0,0.6808510638297872,0.692731007902665,74,114
414,50.0,2482.0,22.0,2.0,0.8064516129032258,0.8129370100156796,52,72
415,34.0,2983.0,44.0,20.0,0.5151515151515151,0.5138300061825101,54,78
416,42.0,4633.0,56.0,22.0,0.5185185185185185,0.522576862487782,64,98
417,2.0,4311.0,90.0,62.0,0.02564102564102564,0.009036700442559619,64,92
418,32.0,1651.0,26.0,2.0,0.6956521739130435,0.7138598764691948,34,58
419,66.0,4655.0,30.0,2.0,0.8048780487804877,0.8139182907659146,68,96
420,46.0,8373.0,84.0,12.0,0.48936170212765956,0.5253581401629248,58,130
421,48.0,6208.0,62.0,10.0,0.5714285714285714,0.5962369977635512,58,110
422,54.0,2413.0,16.0,2.0,0.8571428571428572,0.8590709921990872,56,70
423,0.0,3521.0,84.0,50.0,0.0,-0.01806246778715791,50,84
424,44.0,5350.0,60.0,6.0,0.5714285714285714,0.6055098187381167,50,104
425,56.0,3651.0,30.0,4.0,0.767123287671233,0.7755207767626637,60,86
426,64.0,4454.0,32.0,10.0,0.7529411764705882,0.7549169485223379,74,96
427,58.0,5985.0,52.0,10.0,0.6516853932584269,0.6661700564212584,68,110
428,54.0,5045.0,48.0,4.0,0.6749999999999999,0.6979834730364377,58,102
429,4.0,3267.0,78.0,54.0,0.05714285714285715,0.038528684949528234,58,82
430,56.0,3828.0,32.0,0.0,0.7777777777777778,0.7944105254221865,56,88
431,64.0,3569.0,22.0,0.0,0.8533333333333333,0.8600156073525659,64,86
432,72.0,12871.0,90.0,8.0,0.5950413223140495,0.6295705536984572,80,162
433,148.0,17753.0,42.0,12.0,0.8457142857142858,0.8473869268869221,160,190
434,64.0,4275.0,30.0,2.0,0.7999999999999999,0.8093357882181044,66,94
435,50.0,4820.0,50.0,30.0,0.5555555555555556,0.5509664756052215,80,100
436,58.0,4001.0,32.0,4.0,0.763157894736842,0.7725461940361974,62,90
437,78.0,9176.0,58.0,4.0,0.7155963302752294,0.7358928004867586,82,136
438,58.0,5049.0,42.0,2.0,0.725,0.7453202373770795,60,100
439,56.0,4844.0,42.0,8.0,0.691358024691358,0.7026090489136477,64,98
440,44.0,3152.0,36.0,8.0,0.6666666666666667,0.676062313328453,52,80
441,2.0,8038.0,126.0,90.0,0.01818181818181818,0.005357589684347311,92,128
442,86.0,13356.0,78.0,10.0,0.6615384615384615,0.6826827050227225,96,164
443,60.0,3158.0,20.0,2.0,0.8450704225352113,0.8488097490857617,62,80
444,60.0,4848.0,40.0,2.0,0.7407407407407407,0.7585113600841836,62,100
445,52.0,4950.0,48.0,0.0,0.6842105263157895,0.7176391867790948,52,100
446,28.0,1272.0,24.0,2.0,0.6829268292682926,0.7008255578851516,30,52
447,30.0,1276.0,20.0,0.0,0.7499999999999999,0.7685966046898338,30,50
448,48.0,2697.0,26.0,4.0,0.7619047619047619,0.7688993673783019,52,74
449,0.0,3273.0,80.0,50.0,0.0,-0.018947331271723194,50,80
450,42.0,4826.0,58.0,24.0,0.5060240963855421,0.5091117380026523,66,100
451,44.0,3390.0,38.0,14.0,0.6285714285714286,0.6309058123907318,58,82
452,18.0,4703.0,80.0,50.0,0.21686746987951805,0.20721649292145972,68,98
453,30.0,4241.0,62.0,38.0,0.375,0.3679313865352769,68,92
454,76.0,4558.0,18.0,4.0,0.8735632183908046,0.8741139840219095,80,94
455,64.0,4367.0,30.0,4.0,0.7901234567901235,0.7970574757782408,68,94
456,90.0,10152.0,52.0,2.0,0.7692307692307693,0.7852406820355626,92,142
457,48.0,4351.0,46.0,20.0,0.5925925925925926,0.5932338951620015,68,94
458,50.0,4731.0,48.0,22.0,0.588235294117647,0.5882313112074923,72,98
459,44.0,5433.0,60.0,28.0,0.5,0.5008476995523196,72,104
460,60.0,4466.0,34.0,0.0,0.7792207792207793,0.7959115386178067,60,94
461,44.0,3150.0,36.0,10.0,0.6567164179104479,0.6628655132780807,54,80
462,14.0,3362.0,70.0,40.0,0.20289855072463767,0.1923590325223744,54,84
463,14.0,2397.0,54.0,20.0,0.2745098039215686,0.27751430960336065,34,68
464,0.0,2111.0,66.0,34.0,0.0,-0.02192141397164508,34,66
465,66.0,3317.0,16.0,4.0,0.868421052631579,0.8682691794442413,70,82
466,0.0,4130.0,92.0,56.0,0.0,-0.017073761112149238,56,92
467,50.0,3567.0,34.0,4.0,0.7246376811594204,0.7379022070158308,54,84
468,2.0,13942.0,166.0,86.0,0.015625,0.00795550438700856,88,168
469,24.0,3720.0,64.0,20.0,0.3636363636363636,0.3759270986243462,44,88
470,24.0,6084.0,88.0,20.0,0.30769230769230765,0.3347945001167888,44,112
471,30.0,3643.0,56.0,12.0,0.46875,0.4915209967004884,42,86
472,18.0,3545.0,68.0,24.0,0.28125000000000006,0.2881082025302145,42,86
473,26.0,3307.0,56.0,14.0,0.42622950819672134,0.44513793485277775,40,82
474,20.0,3804.0,68.0,24.0,0.30303030303030304,0.3107647292753464,44,88
475,16.0,2677.0,58.0,24.0,0.2807017543859649,0.28024181289043737,40,74
476,62.0,50345.0,256.0,58.0,0.2831050228310502,0.31489466548656775,120,318
477,26.0,3307.0,56.0,14.0,0.42622950819672134,0.44513793485277775,40,82
478,24.0,3468.0,60.0,18.0,0.38095238095238093,0.3943899803815193,42,84
479,16.0,57919.0,326.0,50.0,0.0784313725490196,0.10428501484478224,66,342
480,56.0,10997.0,94.0,28.0,0.4786324786324786,0.4940173729735788,84,150
481,46.0,6879.0,72.0,24.0,0.4893617021276596,0.49988766264563755,70,118
482,34.0,6982.0,86.0,38.0,0.3541666666666667,0.35757308194336507,72,120
483,72.0,61726.0,280.0,50.0,0.3037974683544304,0.34542390829895425,122,352
484,34.0,6749.0,84.0,36.0,0.3617021276595745,0.36592014724574173,70,118
485,0.0,8231.0,128.0,26.0,0.0,-0.006943898337364578,26,128
486,0.0,4534.0,96.0,26.0,0.0,-0.010872999640286676,26,96
487,16.0,2917.0,60.0,10.0,0.3137254901960784,0.351109691191215,26,76
488,16.0,2546.0,56.0,10.0,0.326530612244898,0.360064000413519,26,72
489,68.0,4846.0,30.0,6.0,0.7906976744186046,0.7951222164284653,74,98
490,60.0,4846.0,36.0,8.0,0.7317073170731708,0.7385253864887067,68,96
491,32.0,4920.0,66.0,32.0,0.39506172839506176,0.39471194583962743,64,98
492,36.0,2848.0,40.0,2.0,0.631578947368421,0.6644829863221703,38,76
493,16.0,942.0,28.0,4.0,0.5000000000000001,0.5264520511569367,20,44
494,16.0,1320.0,34.0,8.0,0.43243243243243246,0.44881297701338496,24,50
495,0.0,1104.0,48.0,24.0,0.0,-0.029774566708770683,24,48
496,44.0,30073.0,200.0,64.0,0.25,0.2672534566304786,108,244
497,12.0,53218.0,316.0,82.0,0.05687203791469194,0.06532379619021493,94,328
498,44.0,4448.0,50.0,18.0,0.5641025641025641,0.5693598632453644,62,94
499,66.0,8114.0,60.0,16.0,0.6346153846153846,0.6451265563172408,82,126
500,70.0,9718.0,68.0,14.0,0.6306306306306306,0.6465228624756829,84,138
501,12.0,2254.0,56.0,24.0,0.23076923076923078,0.22647076963256146,36,68
502,22.0,1700.0,38.0,10.0,0.47826086956521735,0.4900753500710883,32,60
503,22.0,6775.0,96.0,10.0,0.29333333333333333,0.35295947114836757,32,118
504,24.0,1480.0,30.0,6.0,0.5714285714285714,0.5861532259917506,30,54
505,72.0,83703.0,338.0,142.0,0.23076923076923075,0.2404462151978484,214,410
506,116.0,68532.0,256.0,102.0,0.3932203389830508,0.40494573581706006,218,372
507,10.0,2484.0,62.0,0.0,0.24390243902439027,0.3681123159317177,10,72
508,0.0,2695.0,74.0,6.0,0.0,-0.007704912571432489,6,74
509,10.0,2850.0,66.0,0.0,0.23255813953488372,0.35860956909327935,10,76
510,0.0,3822.0,88.0,6.0,0.0,-0.00593940059327161,6,88
511,108.0,88713.0,314.0,118.0,0.3333333333333333,0.34751588125423793,226,422
512,16.0,3484.0,68.0,2.0,0.3137254901960784,0.40640702835555537,18,84
513,0.0,3144.0,80.0,16.0,0.0,-0.011208924062603138,16,80
514,12.0,3655.0,74.0,0.0,0.24489795918367346,0.36981872448306125,12,86
515,0.0,4848.0,98.0,4.0,0.0,-0.0040416209623409275,4,98
516,0.0,5244.0,104.0,8.0,0.0,-0.005442564757666268,8,104
517,4.0,4649.0,94.0,6.0,0.07407407407407406,0.1225870109892107,10,98
518,6.0,5778.0,102.0,0.0,0.10526315789473684,0.2336489604828018,6,108
519,0.0,5774.0,108.0,4.0,0.0,-0.003565254974951155,4,108
520,118.0,102269.0,336.0,108.0,0.3470588235294118,0.3664801926476287,226,454
521,0.0,5772.0,108.0,6.0,0.0,-0.004367270289398165,6,108
522,24.0,6998.0,96.0,22.0,0.2891566265060241,0.316304668612305,46,120
523,96.0,63419.0,262.0,126.0,0.33103448275862074,0.3376491984040839,222,358
524,28.0,8883.0,106.0,28.0,0.2947368421052632,0.3169850682049205,56,134
525,38.0,8237.0,92.0,18.0,0.4086021505376344,0.44007653305258254,56,130
526,28.0,8227.0,102.0,28.0,0.3010752688172043,0.32155905337871377,56,130
527,42.0,7861.0,84.0,14.0,0.46153846153846156,0.495137590453579,56,126
528,2.0,6668.0,114.0,2.0,0.03333333333333333,0.09047646683242494,4,116
529,24.0,7843.0,102.0,32.0,0.2637362637362637,0.27838452040821676,56,126
530,46.0,9030.0,88.0,16.0,0.4693877551020407,0.5000859325467375,62,134
531,20.0,12672.0,140.0,48.0,0.17543859649122806,0.18528398725702647,68,160
532,42.0,17169.0,144.0,36.0,0.3181818181818182,0.3443844859624667,78,186
533,6.0,16201.0,176.0,88.0,0.04347826086956521,0.038251962560366656,94,182
534,78.0,19104.0,118.0,6.0,0.5571428571428573,0.6056409153629154,84,196
535,86.0,75731.0,304.0,124.0,0.2866666666666667,0.29792732866174393,210,390
536,76.0,22547.0,136.0,32.0,0.47500000000000003,0.4991321673766988,108,212
537,80.0,20478.0,122.0,26.0,0.5194805194805194,0.5436936927498833,106,202
538,102.0,29863.0,144.0,26.0,0.5454545454545454,0.5724795109156094,128,246
539,140.0,61362.0,210.0,64.0,0.5054151624548736,0.5219521709800323,204,350
540,0.0,1413.0,54.0,18.0,0.0,-0.02151781942580995,18,54
541,20.0,1762.0,40.0,8.0,0.4545454545454545,0.47704084724959733,28,60
542,10.0,1639.0,48.0,14.0,0.2439024390243903,0.25228050909704497,24,58
543,6.0,2145.0,60.0,0.0,0.16666666666666669,0.2973808570665904,6,66
544,14.0,4279.0,78.0,0.0,0.2641509433962264,0.38658719742748426,14,92
545,12.0,4655.0,86.0,0.0,0.2181818181818182,0.3467388066573818,12,98
546,14.0,34861.0,250.0,120.0,0.07035175879396985,0.06949036738653923,134,264
547,18.0,2278.0,50.0,0.0,0.4186046511627907,0.5089406827486883,18,68
548,14.0,2850.0,62.0,0.0,0.3111111111111111,0.4246038878042234,14,76
549,14.0,630.0,22.0,0.0,0.56,0.6129982635910515,14,36
550,10.0,626.0,24.0,6.0,0.4,0.40912197709434883,16,34
551,12.0,632.0,22.0,0.0,0.5217391304347826,0.584010734068087,12,34
552,8.0,594.0,24.0,4.0,0.36363636363636365,0.39084317258592965,12,32
553,8.0,557.0,24.0,6.0,0.34782608695652173,0.3562029251307261,14,32
554,6.0,620.0,28.0,12.0,0.23076923076923078,0.2137512195296621,18,34
555,64.0,42765.0,228.0,14.0,0.34594594594594597,0.4223852452278293,78,292
556,24.0,2693.0,48.0,10.0,0.45283018867924524,0.4763508594364414,34,72
557,20.0,3225.0,62.0,14.0,0.3448275862068965,0.3693378892478391,34,82
558,32.0,2850.0,42.0,2.0,0.5925925925925927,0.6325071258263215,34,74
559,128.0,73058.0,256.0,94.0,0.42244224422442245,0.43622452656624827,222,384
560,38.0,12817.0,124.0,62.0,0.2900763358778626,0.2917275752007204,100,162
561,18.0,2762.0,58.0,12.0,0.339622641509434,0.3670524277243493,30,76
562,180.0,100529.0,270.0,46.0,0.5325443786982249,0.5631603498278354,226,450
563,48.0,5768.0,60.0,10.0,0.5783132530120482,0.6015197354331652,58,108
564,28.0,3722.0,60.0,18.0,0.41791044776119407,0.4310160758224516,46,88
565,10.0,3621.0,74.0,36.0,0.15384615384615383,0.1468089329966404,46,84
566,28.0,3897.0,62.0,18.0,0.411764705882353,0.42634870761796406,46,90
567,8.0,1585.0,50.0,10.0,0.21052631578947367,0.2334306163616724,18,58
568,10.0,2010.0,52.0,8.0,0.25,0.2888526442966133,18,62
569,112.0,69271.0,260.0,108.0,0.3783783783783784,0.3890529470549414,220,372
570,50.0,6198.0,62.0,18.0,0.5555555555555557,0.5672162333696387,68,112
571,34.0,6182.0,78.0,34.0,0.3777777777777777,0.3812302069038594,68,112
572,0.0,16630.0,184.0,22.0,0.0,-0.0038023450866797397,22,184
573,0.0,14512.0,172.0,22.0,0.0,-0.0042107629989211635,22,172
574,104.0,57544.0,236.0,86.0,0.39245283018867927,0.40665740613179735,190,340
575,142.0,72691.0,240.0,80.0,0.47019867549668876,0.4856428370865574,222,382
576,2.0,15031.0,172.0,20.0,0.020408163265306124,0.02844509502447775,22,174
577,0.0,17183.0,186.0,22.0,0.0,-0.003700437440688864,22,186
578,0.0,17183.0,186.0,22.0,0.0,-0.003700437440688864,22,186
579,0.0,15553.0,178.0,22.0,0.0,-0.003997874422753452,22,178
580,0.0,3999.0,90.0,6.0,0.0,-0.005742315687351706,6,90
581,6.0,3915.0,84.0,0.0,0.125,0.2554727315764733,6,90
582,6.0,3742.0,80.0,0.0,0.13043478260869565,0.2613562858900046,6,86
583,148.0,65642.0,216.0,60.0,0.5174825174825175,0.5360284662699106,208,364
584,6.0,4188.0,84.0,0.0,0.125,0.2556478148614724,6,90
585,56.0,10146.0,88.0,6.0,0.5436893203883495,0.5893910142393803,62,144
586,34.0,10848.0,114.0,30.0,0.3207547169811321,0.34382902405998805,64,148
587,0.0,3535.0,84.0,36.0,0.0,-0.015296838331628242,36,84
588,62.0,24497.0,160.0,34.0,0.389937106918239,0.42150858152467124,96,222
589,106.0,87888.0,314.0,102.0,0.3375796178343949,0.3565558954243701,208,420
590,94.0,14343.0,76.0,22.0,0.6573426573426574,0.6662774168037603,116,170
591,16.0,19628.0,182.0,74.0,0.11111111111111113,0.11397479903993663,90,198
592,62.0,32055.0,192.0,76.0,0.3163265306122449,0.3273586645885234,138,254
593,42.0,10997.0,106.0,30.0,0.38181818181818183,0.4015846426530395,72,148
594,58.0,7136.0,62.0,4.0,0.6373626373626374,0.6689305562216858,62,120
595,14.0,16977.0,172.0,42.0,0.11570247933884298,0.13217439940522,56,186
596,18.0,17167.0,168.0,38.0,0.1487603305785124,0.1716962263521501,56,186
597,38.0,17745.0,152.0,20.0,0.30645161290322587,0.35861934761624215,58,190
598,150.0,68930.0,222.0,76.0,0.5016722408026755,0.51536958865848,226,372
599,158.0,64198.0,200.0,64.0,0.5448275862068964,0.5585973687571362,222,358
600,10.0,13027.0,152.0,14.0,0.10752688172043011,0.15675871452783907,24,162
601,38.0,1954.0,24.0,0.0,0.76,0.7781173330785748,38,62
602,58.0,5887.0,50.0,0.0,0.6987951807228916,0.7297357323139927,58,108
603,134.0,80910.0,270.0,92.0,0.4253968253968254,0.4414622251313748,226,404
604,28.0,2274.0,40.0,4.0,0.56,0.5930179050283009,32,68
605,36.0,2079.0,30.0,0.0,0.7058823529411764,0.7332772942940271,36,66
606,12.0,2323.0,58.0,22.0,0.23076923076923078,0.23075017383617435,34,70
607,30.0,2212.0,34.0,2.0,0.625,0.6569048393764509,32,64
608,4.0,1863.0,58.0,28.0,0.0851063829787234,0.06864979778810745,32,62
609,22.0,2081.0,42.0,0.0,0.5116279069767442,0.5804734979870183,22,64
610,20.0,1760.0,40.0,10.0,0.4444444444444444,0.4595365989234774,30,60
611,30.0,1829.0,32.0,0.0,0.6521739130434783,0.6896018990337788,30,62
612,132.0,37904.0,142.0,48.0,0.5814977973568283,0.5920843273943198,180,274
613,62.0,12548.0,96.0,14.0,0.5299145299145298,0.5623520767539499,76,158
614,0.0,3074.0,78.0,8.0,0.0,-0.008014618845129733,8,78
615,0.0,2768.0,74.0,8.0,0.0,-0.008662416985635395,8,74
616,0.0,3909.0,90.0,6.0,0.0,-0.005872936358079847,6,90
617,124.0,73056.0,260.0,96.0,0.41059602649006627,0.42441417551811966,220,384
618,8.0,5053.0,90.0,0.0,0.15094339622641506,0.2832033215096364,8,98
619,0.0,2341.0,68.0,6.0,0.0,-0.00849483869700498,6,68
620,28.0,9979.0,114.0,32.0,0.2772277227722772,0.2972137554327973,60,142
621,4.0,2415.0,66.0,0.0,0.1081081081081081,0.2358447217324245,4,70
622,4.0,2556.0,68.0,0.0,0.10526315789473684,0.23262814459677184,4,72
623,6.0,11326.0,144.0,0.0,0.07692307692307693,0.1987405856916151,6,150
624,6.0,12092.0,148.0,0.0,0.07500000000000001,0.1961885354222257,6,154
625,104.0,68147.0,266.0,118.0,0.3513513513513513,0.36025225085078433,222,370
626,0.0,2010.0,64.0,6.0,0.0,-0.009583319607234351,6,64
627,56.0,8237.0,74.0,18.0,0.5490196078431373,0.5661460282530901,74,130
628,20.0,8741.0,114.0,36.0,0.21052631578947364,0.2235426946479058,56,134
629,34.0,2842.0,42.0,8.0,0.576271186440678,0.5944819978257903,42,76
630,12.0,10236.0,132.0,60.0,0.1111111111111111,0.10922853981464997,72,144
631,8.0,8837.0,126.0,74.0,0.07407407407407407,0.0655120260729114,82,134
632,148.0,89598.0,276.0,78.0,0.4553846153846154,0.4763894084517168,226,424
633,0.0,5537.0,106.0,28.0,0.0,-0.009721747539106824,28,106
634,24.0,7371.0,98.0,10.0,0.30769230769230765,0.3678890697471552,34,122
635,18.0,1694.0,42.0,16.0,0.3829787234042553,0.383194828914337,34,60
636,22.0,991.0,20.0,2.0,0.6666666666666667,0.6840980269747545,24,42
637,20.0,989.0,22.0,4.0,0.6060606060606061,0.6190266679159483,24,42
638,24.0,993.0,18.0,0.0,0.7272727272727273,0.7491693860335608,24,42
639,36.0,1651.0,20.0,4.0,0.75,0.7541424594925056,40,56
640,6.0,8452.0,126.0,62.0,0.060000000000000005,0.052985376706554774,68,132
641,22.0,2200.0,44.0,12.0,0.44,0.4535928059333998,34,66
642,84.0,51585.0,238.0,96.0,0.33466135458167334,0.34595194334319385,180,322
643,10.0,2057.0,54.0,24.0,0.20408163265306123,0.19713432600747627,34,64
644,16.0,1829.0,46.0,0.0,0.41025641025641024,0.5017303392593808,16,62
645,16.0,1891.0,46.0,0.0,0.41025641025641024,0.5019322498899704,16,62
646,16.0,1540.0,40.0,0.0,0.4444444444444445,0.5277130021690084,16,56
647,16.0,1710.0,44.0,0.0,0.4210526315789474,0.5098795887098211,16,60
648,2.0,6407.0,110.0,36.0,0.02666666666666667,0.020944537845902673,38,112
649,12.0,7108.0,108.0,32.0,0.14634146341463417,0.1569102416648825,44,120
650,38.0,3162.0,40.0,0.0,0.6551724137931034,0.6936090738320592,38,78
651,54.0,3915.0,36.0,0.0,0.7499999999999999,0.7710596796699697,54,90
652,54.0,3740.0,34.0,0.0,0.7605633802816901,0.7798128673650545,54,88
653,52.0,4184.0,40.0,2.0,0.7123287671232876,0.7338088398727651,54,92
654,54.0,4007.0,34.0,0.0,0.7605633802816901,0.780047033951903,54,88
655,48.0,3480.0,36.0,6.0,0.6956521739130435,0.7075121179988338,54,84
656,42.0,3730.0,44.0,12.0,0.6000000000000001,0.6096674066565564,54,86
657,128.0,70042.0,248.0,82.0,0.43686006825938567,0.4534178412873964,210,376
658,116.0,58572.0,226.0,82.0,0.4296296296296296,0.4433902285523055,198,342
659,52.0,3826.0,36.0,2.0,0.732394366197183,0.7503446598401696,54,88
660,54.0,3742.0,32.0,0.0,0.7714285714285715,0.7890392330097421,54,86
661,18.0,3213.0,62.0,28.0,0.2857142857142857,0.2838430736988244,46,80
662,42.0,3078.0,38.0,2.0,0.6774193548387099,0.7029381258770843,44,80
663,38.0,2552.0,34.0,4.0,0.6666666666666666,0.684966295888893,42,72
664,26.0,2006.0,38.0,10.0,0.52,0.5313755268883458,36,64
665,36.0,3398.0,46.0,6.0,0.5806451612903225,0.6074170550534217,42,82
666,76.0,15009.0,98.0,42.0,0.5205479452054794,0.5260269610109184,118,174
667,58.0,13156.0,104.0,48.0,0.43283582089552236,0.43718608422182437,106,162
668,46.0,15691.0,130.0,64.0,0.32167832167832167,0.3247838579402168,110,176
669,16.0,17340.0,172.0,50.0,0.12598425196850394,0.13830100277428722,66,188
670,24.0,2206.0,44.0,4.0,0.5,0.5423126888641391,28,68
671,26.0,2276.0,42.0,2.0,0.5416666666666667,0.5893341956848568,28,68
672,128.0,60663.0,222.0,62.0,0.47407407407407404,0.49432616704785404,190,350
673,26.0,2014.0,38.0,2.0,0.5652173913043478,0.6072941333827333,28,64
674,12.0,4166.0,80.0,20.0,0.19354838709677416,0.2115509898540431,32,92
675,12.0,1992.0,52.0,24.0,0.24000000000000005,0.23251784489304625,36,64
676,26.0,1534.0,30.0,6.0,0.5909090909090908,0.6043472145089481,32,56
677,18.0,1314.0,34.0,12.0,0.43902439024390244,0.4401815744297418,30,52
678,14.0,3551.0,72.0,18.0,0.23728813559322032,0.25667004711122404,32,86
679,30.0,1885.0,32.0,6.0,0.6122448979591837,0.6265441173438779,36,62
680,26.0,1760.0,34.0,10.0,0.5416666666666666,0.5484315133519885,36,60
681,34.0,1889.0,28.0,2.0,0.6938775510204082,0.7133918167776827,36,62
682,30.0,7132.0,90.0,8.0,0.379746835443038,0.43975258857903454,38,120
683,6.0,10124.0,138.0,28.0,0.06741573033707865,0.07964290147496295,34,144
684,36.0,4462.0,60.0,2.0,0.537313432835821,0.5914972357078302,38,96
685,42.0,2850.0,34.0,0.0,0.711864406779661,0.7389969586232199,42,76
686,36.0,2695.0,38.0,6.0,0.6206896551724138,0.6390235311109883,42,74
687,0.0,655.0,38.0,10.0,0.0,-0.028715366150263204,10,38
688,10.0,703.0,28.0,0.0,0.4166666666666667,0.5030685593198972,10,38
689,0.0,2244.0,68.0,34.0,0.0,-0.020951886854752806,34,68
690,20.0,1379.0,32.0,0.0,0.5555555555555556,0.6131008979898472,20,52
691,22.0,1651.0,36.0,2.0,0.5365853658536586,0.5818277423824838,24,58
692,18.0,1647.0,40.0,6.0,0.4390243902439025,0.47197866462067084,24,58
693,12.0,1641.0,46.0,12.0,0.2926829268292683,0.30720504797795145,24,58
694,40.0,3917.0,48.0,0.0,0.625,0.6701065292311144,40,88
695,10.0,896.0,32.0,8.0,0.33333333333333326,0.3456207284892928,18,42
696,18.0,989.0,28.0,0.0,0.5625,0.6168719262953433,18,46
697,16.0,2550.0,56.0,6.0,0.3404255319148936,0.39393411524061406,22,72
698,36.0,16235.0,146.0,54.0,0.2647058823529412,0.2757923372652957,90,182
699,16.0,5877.0,94.0,8.0,0.23880597014925373,0.30625966617326883,24,110
700,20.0,17131.0,166.0,74.0,0.14285714285714288,0.1448180767535589,94,186
701,18.0,18068.0,174.0,76.0,0.1258741258741259,0.12765484674596272,94,192
702,64.0,17171.0,122.0,34.0,0.4507042253521127,0.4701118330303985,98,186
703,40.0,11737.0,114.0,44.0,0.3361344537815126,0.34560775388147563,84,154
704,24.0,4464.0,70.0,2.0,0.4,0.4809687103153098,26,94
705,4.0,3313.0,78.0,8.0,0.0851063829787234,0.11996061713603436,12,82
706,16.0,3820.0,72.0,8.0,0.28571428571428575,0.3413121693123321,24,88
707,0.0,18820.0,196.0,94.0,0.0,-0.007157159335689873,94,196
708,14.0,4645.0,84.0,10.0,0.22950819672131142,0.28210073475670705,24,98
709,34.0,8759.0,100.0,18.0,0.3655913978494624,0.40214349054507587,52,134
710,34.0,6660.0,82.0,10.0,0.425,0.4709393401711944,44,116
711,54.0,6441.0,58.0,2.0,0.6428571428571429,0.6784718503448632,56,112
712,36.0,6313.0,76.0,16.0,0.4390243902439025,0.4658152245438081,52,112
713,28.0,1829.0,34.0,0.0,0.6222222222222222,0.6658610268960207,28,62
714,34.0,9427.0,104.0,26.0,0.3434343434343434,0.3679626960454056,60,138
715,16.0,4243.0,78.0,34.0,0.22222222222222224,0.22134852728638577,50,94
716,28.0,4536.0,68.0,24.0,0.3783783783783784,0.38728175959331806,52,96
717,28.0,5758.0,78.0,22.0,0.358974358974359,0.3772445497571791,50,106
718,34.0,5437.0,72.0,22.0,0.41975308641975306,0.43377146485179024,56,106
719,44.0,5875.0,64.0,12.0,0.5365853658536585,0.5604782605027412,56,108
720,16.0,1645.0,42.0,8.0,0.3902439024390244,0.41705412573976436,24,58
721,0.0,3136.0,80.0,24.0,0.0,-0.013745136370813411,24,80
722,6.0,12193.0,152.0,52.0,0.05555555555555556,0.055442098040040085,58,158
723,2.0,16560.0,180.0,94.0,0.014388489208633094,0.007340179779972102,96,182
724,0.0,16377.0,182.0,94.0,0.0,-0.007919952631545301,94,182
725,24.0,12829.0,138.0,50.0,0.20338983050847456,0.21272891745493505,74,162
726,68.0,14006.0,100.0,22.0,0.5271317829457365,0.5493422077639636,90,168
727,60.0,14008.0,108.0,20.0,0.48387096774193544,0.5138738164684779,80,168
728,82.0,13687.0,84.0,8.0,0.640625,0.668225355605789,90,166
729,54.0,3651.0,32.0,4.0,0.7499999999999999,0.7603538826522088,58,86
730,38.0,4371.0,56.0,0.0,0.5757575757575757,0.6317765672302887,38,94
731,14.0,2272.0,54.0,6.0,0.3181818181818182,0.3708845433765057,20,68
732,0.0,2685.0,74.0,16.0,0.0,-0.012604850783640414,16,74
733,8.0,3309.0,74.0,12.0,0.15686274509803924,0.188478182704354,20,82
734,16.0,2848.0,58.0,4.0,0.3404255319148936,0.4093452699053275,20,74
735,18.0,2345.0,50.0,2.0,0.40909090909090906,0.4816221848998534,20,68
736,4.0,2540.0,68.0,16.0,0.08695652173913045,0.09259500878529307,20,72
737,0.0,1936.0,64.0,16.0,0.0,-0.01619552660357832,16,64
738,0.0,1813.0,62.0,16.0,0.0,-0.017007808110487483,16,62
739,42.0,8112.0,86.0,16.0,0.45161290322580655,0.4824528889434182,58,128
740,20.0,2081.0,44.0,0.0,0.47619047619047616,0.5531992514137251,20,64
741,0.0,3223.0,82.0,16.0,0.0,-0.011070716044982618,16,82
742,0.0,2542.0,70.0,16.0,0.0,-0.0129470896425242,16,70
743,34.0,9022.0,100.0,24.0,0.3541666666666667,0.3800412435913647,58,134
744,8.0,2069.0,56.0,12.0,0.19047619047619047,0.2110716990016808,20,64
745,0.0,2131.0,64.0,16.0,0.0,-0.014740652013655032,16,64
746,30.0,26303.0,200.0,32.0,0.2054794520547945,0.2480937609114032,62,230
747,50.0,10567.0,96.0,18.0,0.4672897196261682,0.49748842219510775,68,146
748,38.0,10130.0,104.0,24.0,0.3725490196078431,0.3998402856609152,62,142
749,28.0,1702.0,32.0,8.0,0.5833333333333334,0.5922824501887052,36,60
750,0.0,1110.0,48.0,18.0,0.0,-0.02571864250642903,18,48
751,18.0,1476.0,38.0,8.0,0.4390243902439025,0.45919832388519033,26,56
752,24.0,1708.0,34.0,4.0,0.5581395348837208,0.5870659297095729,28,58
753,40.0,8759.0,94.0,18.0,0.41666666666666663,0.44867039425806876,58,134
754,54.0,9722.0,86.0,8.0,0.5346534653465347,0.5760674629632212,62,140
755,24.0,2619.0,50.0,8.0,0.4528301886792453,0.4847066677651643,32,74
756,30.0,4751.0,68.0,2.0,0.46153846153846156,0.5313018066375967,32,98
757,8.0,1359.0,46.0,18.0,0.2,0.19271610871642092,26,54
758,18.0,3307.0,64.0,14.0,0.3157894736842105,0.3420772283991322,32,82
759,0.0,2822.0,76.0,28.0,0.0,-0.01605144707810256,28,76
760,26.0,3631.0,60.0,24.0,0.38235294117647056,0.3859883564710457,50,86
761,40.0,12857.0,122.0,22.0,0.35714285714285715,0.3948317787474335,62,162
762,32.0,3384.0,50.0,20.0,0.47761194029850756,0.4805600126545021,52,82
763,50.0,14157.0,118.0,40.0,0.38759689922480617,0.4016736871486298,90,168
764,50.0,18862.0,146.0,52.0,0.3355704697986577,0.3489470090329364,102,196
765,36.0,21673.0,174.0,62.0,0.2337662337662338,0.24613668542254002,98,210
766,40.0,8757.0,94.0,20.0,0.41237113402061853,0.44083990731440365,60,134
767,34.0,19040.0,162.0,70.0,0.22666666666666663,0.23255329159386498,104,196
768,16.0,6164.0,96.0,52.0,0.17777777777777778,0.17199592712985778,68,112
769,58.0,5248.0,44.0,6.0,0.6987951807228915,0.7138384828563853,64,102
770,52.0,4942.0,46.0,10.0,0.65,0.662164022258286,62,98
771,58.0,6427.0,56.0,14.0,0.6236559139784946,0.6353873890670575,72,114
772,22.0,1649.0,36.0,4.0,0.5238095238095238,0.5575437991400947,26,58
773,0.0,3203.0,82.0,36.0,0.0,-0.01665654857313912,36,82
774,40.0,3828.0,48.0,0.0,0.625,0.6700122451632736,40,88
775,18.0,3901.0,70.0,16.0,0.29508196721311475,0.320300748285135,34,88
776,18.0,12696.0,142.0,24.0,0.1782178217821782,0.21490038930037864,42,160
777,0.0,12361.0,158.0,42.0,0.0,-0.006537399072950139,42,158
778,26.0,3728.0,62.0,12.0,0.41269841269841273,0.4417883849240952,38,88
779,20.0,2012.0,44.0,4.0,0.45454545454545453,0.5021134793889664,24,64
780,60.0,19046.0,136.0,64.0,0.375,0.3799429020129195,124,196
781,14.0,1645.0,42.0,10.0,0.35000000000000003,0.3691002910347585,24,56
782,36.0,10706.0,110.0,26.0,0.34615384615384615,0.37320639240325443,62,146
783,32.0,11141.0,118.0,34.0,0.29629629629629634,0.3158405218526584,66,150
784,44.0,11605.0,110.0,22.0,0.4,0.4319140680147537,66,154
785,46.0,10136.0,96.0,18.0,0.44660194174757284,0.47805613097191113,64,142
786,48.0,8381.0,82.0,4.0,0.5274725274725275,0.5803577464753952,52,130
787,34.0,8243.0,96.0,12.0,0.38636363636363635,0.43502005506495994,46,130
788,92.0,35474.0,174.0,38.0,0.46464646464646464,0.4922657045403721,130,266
789,66.0,35981.0,204.0,64.0,0.32999999999999996,0.3490458903749484,130,270
790,98.0,24064.0,122.0,26.0,0.569767441860465,0.5907268964174842,124,220
791,14.0,3231.0,68.0,8.0,0.2692307692307692,0.3218810847762023,22,82
792,22.0,4641.0,72.0,18.0,0.3283582089552239,0.3508305341116182,40,94
793,12.0,4345.0,82.0,26.0,0.1818181818181818,0.19021229981126975,38,94
794,0.0,4806.0,100.0,44.0,0.0,-0.0135985216490851,44,100
795,12.0,2266.0,56.0,12.0,0.2608695652173913,0.2854338496893769,24,68
796,14.0,5025.0,88.0,24.0,0.2,0.2157216948002294,38,102
797,40.0,6100.0,68.0,8.0,0.5128205128205128,0.5508917760727697,48,108
798,20.0,5328.0,84.0,28.0,0.2631578947368421,0.2739457671513657,48,104
799,32.0,99029.0,414.0,206.0,0.0935672514619883,0.09527715492831815,238,446
800,26.0,5770.0,82.0,8.0,0.36619718309859156,0.4238904886212286,34,108
801,16.0,3555.0,70.0,14.0,0.27586206896551724,0.3059670614315683,30,86
802,16.0,7468.0,108.0,34.0,0.1839080459770115,0.1951031151702762,50,124
803,24.0,4948.0,76.0,2.0,0.38095238095238093,0.4664129500702884,26,100
804,32.0,6210.0,80.0,6.0,0.4266666666666667,0.4859702166761999,38,112
805,30.0,5664.0,78.0,6.0,0.4166666666666667,0.4762779190252273,36,108
806,36.0,5758.0,72.0,20.0,0.43902439024390244,0.45605551759046403,56,108
807,18.0,2186.0,50.0,24.0,0.32727272727272727,0.32111503183349327,42,68
808,28.0,2699.0,46.0,2.0,0.5384615384615385,0.5883312779732731,30,74
809,18.0,3617.0,68.0,38.0,0.25352112676056343,0.24548625818739783,56,86
810,24.0,3370.0,60.0,32.0,0.34285714285714286,0.33702278917894296,56,84
811,28.0,3376.0,54.0,28.0,0.40579710144927533,0.40171207288889227,56,82
812,20.0,3366.0,64.0,36.0,0.2857142857142857,0.27750599874947,56,84
813,26.0,3539.0,60.0,30.0,0.36619718309859156,0.36271582424405935,56,86
814,84.0,58628.0,260.0,24.0,0.37168141592920356,0.43419800228147404,108,344
815,30.0,3631.0,54.0,26.0,0.4285714285714286,0.42706955002171787,56,84
816,0.0,3199.0,82.0,40.0,0.0,-0.017568243112548204,40,82
817,62.0,18671.0,132.0,50.0,0.40522875816993464,0.41618661363484866,112,194
818,22.0,857.0,20.0,4.0,0.6470588235294118,0.6537988042248107,26,42
819,22.0,1276.0,28.0,0.0,0.6111111111111112,0.6561647256895663,22,50
820,30.0,11003.0,118.0,24.0,0.29702970297029707,0.3305688497760249,54,148
821,40.0,11613.0,114.0,14.0,0.38461538461538464,0.43473555237613204,54,154
822,2.0,9963.0,140.0,48.0,0.020833333333333332,0.015583973871858876,50,142
823,34.0,1371.0,20.0,6.0,0.723404255319149,0.7228355449910788,40,54
824,40.0,2484.0,30.0,2.0,0.7142857142857142,0.7325586223776289,42,70
825,34.0,8775.0,98.0,4.0,0.4,0.4766707699818357,38,132
826,34.0,6202.0,76.0,16.0,0.425,0.4524615203502265,50,110
827,100.0,40697.0,186.0,58.0,0.4504504504504505,0.4677741824383371,158,286
828,4.0,49039.0,310.0,102.0,0.019047619047619046,0.018313949196221323,106,314
829,18.0,4056.0,74.0,38.0,0.24324324324324326,0.23783485049760245,56,92
830,36.0,6413.0,76.0,30.0,0.40449438202247195,0.41118711394526436,66,112
831,26.0,5760.0,82.0,18.0,0.34210526315789475,0.37024272325881347,44,108
832,18.0,2554.0,54.0,2.0,0.391304347826087,0.46811921108120386,20,72
833,14.0,3229.0,66.0,12.0,0.2641509433962264,0.298003246764692,26,80
834,30.0,3160.0,50.0,0.0,0.5454545454545454,0.6075844620336113,30,80
835,30.0,3003.0,48.0,0.0,0.5555555555555556,0.6152758772396961,30,78
836,28.0,29640.0,216.0,6.0,0.20143884892086333,0.30579069996726815,34,244
837,10.0,28656.0,230.0,24.0,0.072992700729927,0.10809106116011927,34,240
838,92.0,55217.0,240.0,62.0,0.37860082304526743,0.4045749365766099,154,332
839,64.0,38445.0,214.0,58.0,0.32,0.3445470780095188,122,278
840,64.0,34394.0,200.0,58.0,0.3316062176165803,0.3534097032083326,122,264
841,68.0,44788.0,230.0,64.0,0.31627906976744186,0.3400848977183803,132,298
842,54.0,16253.0,128.0,36.0,0.3970588235294118,0.41760601068864367,90,182
843,46.0,24237.0,176.0,72.0,0.2705882352941177,0.2795507192787831,118,222
844,28.0,58235.0,314.0,76.0,0.1255605381165919,0.14580566910050666,104,342
845,24.0,44774.0,274.0,78.0,0.11999999999999998,0.1343926810826367,102,298
846,84.0,67873.0,286.0,22.0,0.35294117647058826,0.4227294287620062,106,370
847,34.0,63116.0,322.0,74.0,0.14655172413793102,0.17093591620056797,108,356
848,38.0,37035.0,236.0,92.0,0.18811881188118812,0.19736316780754054,130,274
849,54.0,3913.0,34.0,4.0,0.7397260273972602,0.751723819215918,58,88
850,38.0,4174.0,54.0,12.0,0.5352112676056338,0.5536204262175332,50,92
851,52.0,3999.0,38.0,6.0,0.7027027027027027,0.7150105131729855,58,90
852,16.0,7582.0,108.0,44.0,0.17391304347826086,0.17646212330038666,60,124
853,2.0,5198.0,102.0,54.0,0.025,0.012140042875915327,56,104
854,12.0,5847.0,96.0,40.0,0.15,0.14962607306571651,52,108
855,24.0,49879.0,292.0,208.0,0.08759124087591241,0.08372198479949756,232,316
856,48.0,6662.0,66.0,10.0,0.5581395348837209,0.5857484485313194,58,114
857,92.0,46213.0,212.0,148.0,0.338235294117647,0.33677537230414434,240,304
858,44.0,7988.0,80.0,16.0,0.47826086956521735,0.5052231799601551,60,124
859,62.0,7245.0,60.0,14.0,0.6262626262626263,0.6394137251828775,76,122
860,64.0,7616.0,60.0,10.0,0.6464646464646465,0.6642466831466517,74,124
861,32.0,2081.0,32.0,0.0,0.6666666666666666,0.7017320198858542,32,64
862,64.0,17743.0,126.0,22.0,0.46376811594202905,0.4973782800793995,86,190
863,64.0,11003.0,86.0,22.0,0.5423728813559322,0.5592323967368366,86,150
864,34.0,5867.0,74.0,20.0,0.4197530864197531,0.43840475071561713,54,108
865,34.0,3909.0,56.0,6.0,0.523076923076923,0.5607980913684667,40,90
866,30.0,3995.0,60.0,10.0,0.46153846153846156,0.49318566840533246,40,90
867,0.0,6885.0,118.0,18.0,0.0,-0.006628515197356935,18,118
868,2.0,6767.0,114.0,20.0,0.02898550724637681,0.03259881942597915,22,116
869,0.0,7359.0,122.0,22.0,0.0,-0.006971942966128354,22,122
870,0.0,7237.0,122.0,22.0,0.0,-0.007088322295989757,22,122
871,36.0,6192.0,76.0,24.0,0.41860465116279066,0.4320763919162164,60,112
872,40.0,6084.0,72.0,20.0,0.46511627906976744,0.4814271396352746,60,112
873,30.0,4852.0,68.0,0.0,0.46874999999999994,0.5494465290659667,30,98
874,18.0,1641.0,38.0,14.0,0.40909090909090917,0.4110498488538188,32,56
875,34.0,6413.0,80.0,28.0,0.38636363636363635,0.39692444286649736,62,114
876,50.0,5662.0,56.0,10.0,0.6024096385542169,0.6221014253650062,60,106
877,8.0,3706.0,80.0,34.0,0.12307692307692307,0.11770963457206454,42,88
878,8.0,3205.0,74.0,34.0,0.12903225806451615,0.12090804722454239,42,82
879,0.0,4426.0,94.0,40.0,0.0,-0.013647884726907441,40,94
880,0.0,2818.0,74.0,34.0,0.0,-0.01746551570063463,34,74
881,18.0,2981.0,58.0,24.0,0.30508474576271183,0.3061260125189443,42,76
882,18.0,2619.0,56.0,8.0,0.36000000000000004,0.4015749514749011,26,74
883,12.0,2828.0,62.0,24.0,0.2181818181818182,0.2189763140145316,36,74
884,46.0,6656.0,70.0,14.0,0.5227272727272728,0.5461763226449047,60,116
885,28.0,5853.0,82.0,32.0,0.32941176470588235,0.3358699057919976,60,110
886,10.0,4154.0,82.0,32.0,0.1492537313432836,0.14867298055449568,42,92
887,32.0,3398.0,50.0,6.0,0.5333333333333333,0.567017365885643,38,82
888,70.0,6781.0,48.0,4.0,0.7291666666666666,0.7459431574814687,74,118
889,66.0,6895.0,52.0,8.0,0.6874999999999999,0.7025974458492824,74,118
890,8.0,2877.0,68.0,50.0,0.11940298507462686,0.10063189457559128,58,76
891,26.0,13966.0,142.0,62.0,0.20312500000000003,0.2071377623728525,88,168
892,22.0,6407.0,92.0,34.0,0.2588235294117647,0.26661513223523964,56,114
893,10.0,14797.0,164.0,80.0,0.07575757575757576,0.07222991087033852,90,174
894,34.0,14995.0,140.0,56.0,0.25757575757575757,0.2657818355252816,90,174
895,32.0,14815.0,142.0,62.0,0.23880597014925373,0.24388897694131775,94,174
896,16.0,14123.0,154.0,72.0,0.12403100775193798,0.1234082007152757,88,170
897,74.0,14857.0,100.0,20.0,0.5522388059701493,0.5752459901155165,94,174
898,12.0,14289.0,158.0,76.0,0.09302325581395349,0.09049911066965935,88,170
899,76.0,14688.0,96.0,18.0,0.5714285714285714,0.5944728772402166,94,172
900,66.0,14508.0,106.0,26.0,0.5000000000000001,0.5207921239471344,92,172
901,78.0,14014.0,90.0,14.0,0.6000000000000001,0.6243645486630403,92,168
902,70.0,14004.0,98.0,24.0,0.5343511450381679,0.5532865074719986,94,168
903,40.0,18483.0,154.0,44.0,0.2877697841726618,0.3088180342587083,84,194
904,34.0,13475.0,132.0,54.0,0.2677165354330709,0.2750352162202766,88,166
905,26.0,14993.0,148.0,58.0,0.20155038759689922,0.20888988031865593,84,174
906,76.0,14688.0,96.0,18.0,0.5714285714285714,0.5944728772402166,94,172
907,32.0,14474.0,138.0,62.0,0.24242424242424238,0.24676025980622593,94,170
908,8.0,15860.0,172.0,70.0,0.062015503875968984,0.060646799926163564,78,180
909,54.0,14496.0,118.0,38.0,0.40909090909090906,0.4245333022627964,92,172
910,12.0,9014.0,122.0,32.0,0.1348314606741573,0.1493651597389616,44,134
911,32.0,8893.0,102.0,18.0,0.34782608695652173,0.38582116373334097,50,134
912,38.0,18481.0,154.0,48.0,0.2733812949640288,0.2910201316071991,86,192
913,24.0,9564.0,116.0,26.0,0.2526315789473684,0.28100273745445636,50,140
914,42.0,8899.0,92.0,12.0,0.44680851063829785,0.48942853632769634,54,134
915,12.0,9411.0,126.0,42.0,0.125,0.13132473881060241,54,138
916,14.0,9975.0,128.0,36.0,0.14583333333333331,0.15935870056062143,50,142
917,70.0,18302.0,120.0,36.0,0.47297297297297297,0.4895032397721898,106,190
918,44.0,19644.0,156.0,56.0,0.29333333333333333,0.30633038014490677,100,200
919,52.0,19068.0,144.0,42.0,0.35862068965517246,0.378915826657093,94,196
920,54.0,22110.0,158.0,44.0,0.3483870967741935,0.37076495547557103,98,212
921,82.0,19477.0,116.0,26.0,0.5359477124183006,0.5576598330761976,108,198
922,78.0,26067.0,152.0,38.0,0.4508670520231214,0.4744465899018826,116,230
923,110.0,29398.0,132.0,6.0,0.6145251396648044,0.6548359057739032,116,242
924,52.0,24247.0,170.0,62.0,0.30952380952380953,0.3225945375591,114,222
925,48.0,21683.0,160.0,54.0,0.3096774193548387,0.32520153986503514,102,208
926,50.0,25584.0,178.0,66.0,0.2906976744186046,0.30318075508597964,116,228
927,78.0,23617.0,140.0,36.0,0.46987951807228917,0.4915977656515389,114,218
928,50.0,26057.0,178.0,50.0,0.3048780487804878,0.3274394880131372,100,228
929,38.0,24237.0,184.0,72.0,0.2289156626506024,0.23841412757286495,110,222
930,28.0,27646.0,208.0,84.0,0.16091954022988506,0.16745255859949315,112,236
931,60.0,6319.0,54.0,8.0,0.6593406593406594,0.6773711895377061,68,114
932,0.0,11398.0,152.0,78.0,0.0,-0.009457641189228707,78,152
933,24.0,9680.0,116.0,50.0,0.22429906542056074,0.22795329116987914,74,140
934,54.0,6098.0,58.0,6.0,0.627906976744186,0.6546071801429637,60,112
935,46.0,8116.0,82.0,12.0,0.4946236559139785,0.5294060558039998,58,128
936,20.0,10822.0,128.0,56.0,0.17857142857142858,0.18079727655882177,76,148
937,38.0,11751.0,116.0,30.0,0.34234234234234234,0.36617122823107207,68,154
938,70.0,10142.0,72.0,12.0,0.625,0.6452457927208254,82,142
939,54.0,10852.0,94.0,26.0,0.47368421052631576,0.49148514069247823,80,148
940,28.0,9971.0,114.0,40.0,0.26666666666666666,0.2781438768128717,68,142
941,46.0,10846.0,102.0,32.0,0.4070796460176991,0.4227238801257572,78,148
942,54.0,10280.0,90.0,16.0,0.5046728971962617,0.533709489855057,70,144
943,62.0,17003.0,122.0,18.0,0.4696969696969697,0.5078668670030192,80,184
944,8.0,10080.0,134.0,74.0,0.07142857142857142,0.06435750673325237,82,142
945,28.0,11426.0,124.0,50.0,0.24347826086956523,0.25026373608420577,78,152
946,46.0,2272.0,22.0,6.0,0.7666666666666666,0.7678698183727649,52,68
947,14.0,1998.0,50.0,18.0,0.2916666666666667,0.294404961794155,32,64
948,72.0,83329.0,336.0,108.0,0.2448979591836735,0.26337609785614446,180,408
949,58.0,84536.0,354.0,130.0,0.1933333333333333,0.205856158055587,188,412
950,96.0,84582.0,316.0,84.0,0.32432432432432434,0.3505411685743695,180,412
951,108.0,69687.0,264.0,66.0,0.3956043956043956,0.422517220514737,174,372
952,30.0,13495.0,136.0,34.0,0.2608695652173913,0.2859331838359803,64,166
953,36.0,9985.0,104.0,28.0,0.3529411764705882,0.37476396984839616,64,140
954,38.0,19088.0,158.0,22.0,0.296875,0.34709914595745267,60,196
955,54.0,9174.0,80.0,8.0,0.5510204081632654,0.5888564466395674,62,134
956,62.0,16830.0,122.0,6.0,0.49206349206349204,0.5517949701814641,68,184
957,70.0,9582.0,70.0,8.0,0.6422018348623854,0.6665952025968265,78,140
958,48.0,10393.0,98.0,46.0,0.4,0.403238102614594,94,146
959,0.0,1508.0,56.0,32.0,0.0,-0.027276602065283977,32,56
960,34.0,13501.0,132.0,28.0,0.2982456140350877,0.3304878068864833,62,166
961,62.0,7478.0,62.0,24.0,0.5904761904761905,0.5950408849075409,86,124
962,18.0,3398.0,64.0,6.0,0.339622641509434,0.39910745600692576,24,82
963,20.0,2141.0,46.0,4.0,0.4444444444444444,0.49460764533721396,24,66
964,64.0,12401.0,94.0,2.0,0.5714285714285714,0.6241684061806965,66,158
965,2.0,3384.0,82.0,18.0,0.038461538461538464,0.03759964641151837,20,84
966,20.0,12532.0,140.0,28.0,0.1923076923076923,0.22315485739348212,48,160
967,34.0,19459.0,164.0,44.0,0.2463768115942029,0.26916794900414626,78,198
968,70.0,21711.0,140.0,24.0,0.4605263157894736,0.4952535357675429,94,210
969,24.0,2764.0,52.0,10.0,0.43636363636363634,0.46325026457967666,34,76
970,18.0,9178.0,118.0,2.0,0.23076923076923075,0.3424095422719305,20,136
971,12.0,8905.0,122.0,6.0,0.15789473684210525,0.24093860147500698,18,134
972,12.0,9176.0,122.0,6.0,0.15789473684210525,0.24103818705036212,18,134
973,60.0,2923.0,18.0,2.0,0.8571428571428572,0.8596809755030748,62,78
974,12.0,9981.0,130.0,30.0,0.13043478260869565,0.1491330499745767,42,142
975,26.0,3820.0,60.0,10.0,0.4262295081967213,0.46024536220256246,36,86
976,22.0,3812.0,66.0,16.0,0.3492063492063492,0.3716629710285405,38,88
977,10.0,2750.0,66.0,24.0,0.1818181818181818,0.18241147831601587,34,76
978,10.0,2677.0,64.0,24.0,0.18518518518518517,0.18489023330723525,34,74
979,44.0,6761.0,72.0,26.0,0.4731182795698924,0.4817252492838121,70,116
980,54.0,4096.0,36.0,0.0,0.7499999999999999,0.7712149552883466,54,90
981,66.0,6777.0,50.0,10.0,0.6875000000000001,0.699046396179313,76,116
982,140.0,49109.0,174.0,32.0,0.5761316872427983,0.6006723695888164,172,314
983,40.0,3082.0,38.0,0.0,0.6779661016949152,0.711740558040103,40,78
984,18.0,3062.0,60.0,20.0,0.3103448275862069,0.319260947666693,38,78
985,38.0,17145.0,146.0,62.0,0.2676056338028169,0.2745827151566177,100,184
986,36.0,2925.0,42.0,0.0,0.631578947368421,0.6745406256199318,36,78
987,28.0,2272.0,40.0,6.0,0.5490196078431372,0.5743281926067534,34,68
988,28.0,2339.0,42.0,6.0,0.5384615384615384,0.565945163198196,34,70
989,26.0,2766.0,50.0,8.0,0.4727272727272727,0.5033700911887711,34,76
990,28.0,1889.0,34.0,2.0,0.608695652173913,0.6423021941747691,30,62
991,40.0,5437.0,64.0,24.0,0.4761904761904762,0.4829226490877068,64,104
992,0.0,5738.0,108.0,40.0,0.0,-0.011308986851749647,40,108
993,50.0,7014.0,68.0,8.0,0.5681818181818181,0.6002030503561467,58,118
994,50.0,6552.0,64.0,4.0,0.5952380952380952,0.6334872212641548,54,114
995,30.0,5658.0,78.0,12.0,0.4,0.4394911253532027,42,108
996,56.0,7259.0,64.0,2.0,0.6292134831460675,0.6680065116590491,58,120
997,58.0,7747.0,66.0,4.0,0.6236559139784946,0.6581302278063007,62,124
998,20.0,5541.0,84.0,26.0,0.26666666666666666,0.28067666453607665,46,104
999,42.0,6550.0,72.0,6.0,0.5185185185185185,0.5635350854172163,48,114
1000,48.0,5989.0,60.0,8.0,0.5853658536585367,0.6127101613902101,56,108
1001,82.0,10288.0,62.0,8.0,0.7008547008547008,0.7174348166641981,90,144
1002,66.0,18683.0,128.0,38.0,0.4429530201342282,0.4607719631797128,104,194
1003,52.0,21073.0,154.0,42.0,0.3466666666666667,0.36976114845457697,94,206
1004,64.0,22114.0,146.0,42.0,0.4050632911392405,0.42529541572881285,106,210
1005,20.0,51189.0,302.0,170.0,0.07812499999999999,0.07645116990297082,190,322
1006,34.0,20245.0,166.0,58.0,0.2328767123287671,0.24578646804303753,92,200
1007,10.0,2905.0,66.0,22.0,0.18518518518518517,0.18977243839079083,32,76
1008,70.0,10866.0,78.0,12.0,0.6086956521739131,0.6320226264618889,82,148
1009,30.0,4735.0,68.0,18.0,0.4109589041095891,0.4297431737075857,48,98
1010,74.0,20696.0,130.0,10.0,0.5138888888888888,0.5629159692910176,84,204
1011,68.0,9419.0,70.0,34.0,0.5666666666666667,0.5678873968418354,102,138
1012,54.0,41240.0,234.0,88.0,0.25116279069767444,0.2635283713043589,142,288
1013,76.0,21270.0,130.0,52.0,0.4550898203592814,0.4640894335592948,128,206
1014,10.0,10379.0,136.0,60.0,0.09259259259259259,0.09028895375758933,70,146
1015,2.0,10371.0,144.0,68.0,0.018518518518518517,0.010338429819571298,70,146
1016,4.0,10371.0,140.0,70.0,0.03669724770642202,0.02929879997265169,74,144
1017,30.0,1326.0,20.0,2.0,0.7317073170731707,0.7430983619790881,32,50
1018,14.0,2079.0,52.0,0.0,0.35,0.4549121851511208,14,66
1019,14.0,1381.0,36.0,0.0,0.43750000000000006,0.5223852789611998,14,50
1020,14.0,5863.0,92.0,26.0,0.19178082191780824,0.2066613387700808,40,106
1021,32.0,21913.0,176.0,34.0,0.23357664233576642,0.2694948739142594,66,208
1022,26.0,21490.0,180.0,40.0,0.19117647058823528,0.21898782302397846,66,206
1023,24.0,19858.0,176.0,42.0,0.18045112781954886,0.2045317173482926,66,200
1024,116.0,26317.0,114.0,18.0,0.6373626373626372,0.6586619466171788,134,230
1025,70.0,61282.0,282.0,142.0,0.24822695035460995,0.2529799717643875,212,352
1026,22.0,2915.0,56.0,10.0,0.4,0.43163401280975167,32,78
1027,44.0,5453.0,60.0,8.0,0.5641025641025641,0.593430744911794,52,104
1028,40.0,26245.0,190.0,90.0,0.2222222222222222,0.22635092006408858,130,230
1029,10.0,934.0,34.0,12.0,0.30303030303030304,0.30000451367899567,22,44
1030,22.0,6761.0,96.0,24.0,0.26829268292682923,0.29140155743145885,46,118
1031,36.0,6893.0,82.0,10.0,0.4390243902439025,0.4837960558554004,46,118
1032,24.0,1946.0,40.0,6.0,0.5106382978723405,0.5385629232384621,30,64
1033,42.0,21466.0,166.0,62.0,0.2692307692307692,0.2808119883148509,104,208
1034,18.0,2993.0,60.0,10.0,0.339622641509434,0.37648521107342964,28,78
1035,56.0,13308.0,108.0,58.0,0.4028776978417266,0.40359746758854437,114,164
1036,6.0,2677.0,68.0,24.0,0.11538461538461539,0.11247509725959634,30,74
1037,46.0,6761.0,72.0,24.0,0.4893617021276596,0.4997794194534076,70,118
1038,40.0,6873.0,78.0,30.0,0.42553191489361697,0.43297356607102466,70,118
1039,6.0,2212.0,60.0,0.0,0.16666666666666669,0.29750348344725686,6,66
1040,30.0,6088.0,82.0,16.0,0.379746835443038,0.41164903319437723,46,112
1041,14.0,4832.0,82.0,22.0,0.21212121212121213,0.22933053133699496,36,96
1042,12.0,4828.0,86.0,24.0,0.17910447761194032,0.1926424341999868,36,98
1043,4.0,4838.0,96.0,12.0,0.06896551724137932,0.09301242230662539,16,100
1044,2.0,4826.0,98.0,24.0,0.03174603174603175,0.029295862911556118,26,100
1045,0.0,40593.0,286.0,162.0,0.0,-0.0052735120586099036,162,286
1046,28.0,42629.0,264.0,150.0,0.11914893617021276,0.11816813262907386,178,292
1047,68.0,42084.0,224.0,110.0,0.28936170212765955,0.2945318963322947,178,292
1048,14.0,7442.0,110.0,60.0,0.1414141414141414,0.13534748634456928,74,124
1049,52.0,81657.0,354.0,152.0,0.17049180327868854,0.17784573638481072,204,406
1050,58.0,12223.0,100.0,22.0,0.4873949579831932,0.5117346556048239,80,158
1051,0.0,6056.0,110.0,50.0,0.0,-0.01208651748262654,50,110
1052,148.0,25878.0,80.0,0.0,0.7872340425531915,0.8044391054911064,148,228
1053,6.0,1256.0,44.0,20.0,0.15789473684210525,0.1433324828046987,26,50
1054,32.0,4743.0,66.0,10.0,0.45714285714285713,0.49267607250859274,42,98
1055,44.0,13017.0,118.0,24.0,0.3826086956521739,0.41488563685899627,68,162
1056,0.0,5662.0,108.0,8.0,0.0,-0.005138986007868985,8,108
1057,54.0,3398.0,28.0,6.0,0.7605633802816902,0.7653292612601039,60,82
1058,52.0,3231.0,30.0,8.0,0.7323943661971831,0.7359631286525119,60,82
1059,36.0,3078.0,44.0,2.0,0.6101694915254237,0.647586039389478,38,80
1060,32.0,4367.0,60.0,6.0,0.49230769230769234,0.5357753293966581,38,92
1061,28.0,3394.0,54.0,10.0,0.46666666666666673,0.49410347981543196,38,82
1062,28.0,2200.0,40.0,10.0,0.5283018867924528,0.541109329024367,38,68
1063,24.0,8243.0,104.0,14.0,0.2891566265060241,0.33916831780838763,38,128
1064,32.0,5883.0,74.0,6.0,0.4444444444444445,0.4996248482255876,38,106
1065,62.0,63104.0,294.0,86.0,0.24603174603174605,0.2675562194876539,148,356
1066,74.0,52605.0,248.0,48.0,0.33333333333333337,0.37117132236179784,122,322
1067,32.0,1889.0,30.0,2.0,0.6666666666666666,0.6904497732387878,34,62
1068,30.0,1827.0,30.0,4.0,0.6382978723404256,0.6566632558347898,34,60
1069,12.0,991.0,32.0,0.0,0.42857142857142855,0.5140002085046678,12,44
1070,12.0,991.0,32.0,0.0,0.42857142857142855,0.5140002085046678,12,44
1071,0.0,977.0,46.0,12.0,0.0,-0.02335788824338243,12,46
1072,14.0,5236.0,88.0,18.0,0.20895522388059706,0.23735651031060598,32,102
1073,14.0,6082.0,98.0,22.0,0.1891891891891892,0.21280139416849372,36,112
1074,24.0,628.0,10.0,4.0,0.7741935483870968,0.7672367807294342,28,34
1075,14.0,490.0,18.0,6.0,0.5384615384615384,0.5317037854085965,20,32
1076,2.0,22270.0,210.0,96.0,0.012903225806451611,0.007543283310418947,98,212
1077,32.0,2006.0,32.0,10.0,0.6037735849056604,0.6077829732454777,42,64
1078,34.0,2008.0,30.0,8.0,0.6415094339622642,0.6473680366332092,42,64
1079,32.0,2200.0,36.0,10.0,0.5818181818181817,0.5895694880365384,42,68
1080,18.0,1764.0,42.0,6.0,0.4285714285714285,0.46428408997103976,24,60
1081,24.0,1770.0,36.0,0.0,0.5714285714285715,0.6261202584752308,24,60
1082,2.0,2699.0,70.0,4.0,0.05128205128205128,0.09000650692253728,6,72
1083,6.0,2210.0,62.0,0.0,0.1621621621621622,0.2929632481877759,6,68
1084,32.0,11310.0,120.0,14.0,0.32323232323232326,0.37867634670947614,46,152
1085,42.0,11021.0,108.0,4.0,0.42857142857142866,0.5026004442574535,46,150
1086,36.0,6431.0,78.0,10.0,0.45,0.49209645069756686,46,114
1087,44.0,10728.0,104.0,2.0,0.4536082474226804,0.5304153305157987,46,148
1088,42.0,13198.0,122.0,4.0,0.4,0.48084166487659585,46,164
1089,44.0,3398.0,38.0,6.0,0.6666666666666667,0.6817104974937117,50,82
1090,58.0,14347.0,112.0,18.0,0.47154471544715454,0.5067368002835043,76,170
1091,70.0,13854.0,98.0,6.0,0.5737704918032787,0.616805921988169,76,168
1092,44.0,5139.0,58.0,12.0,0.5569620253164557,0.5764693383786814,56,102
1093,12.0,5011.0,88.0,40.0,0.15789473684210525,0.15469477172501161,52,100
1094,20.0,6182.0,90.0,36.0,0.24096385542168677,0.2456448973218014,56,110
1095,32.0,6307.0,82.0,20.0,0.38554216867469876,0.4089402932895058,52,114
1096,22.0,5967.0,88.0,28.0,0.275,0.2882813638505285,50,110
1097,22.0,6188.0,88.0,30.0,0.2716049382716049,0.2825552702594237,52,110
1098,16.0,5750.0,92.0,28.0,0.21052631578947367,0.22327820455811911,44,108
1099,4.0,4426.0,90.0,40.0,0.05797101449275362,0.04883325892808469,44,94
1100,0.0,12682.0,160.0,38.0,0.0,-0.006100871829515692,38,160
1101,22.0,1831.0,38.0,0.0,0.5365853658536585,0.5993427230401133,22,60
1102,6.0,10439.0,140.0,0.0,0.07894736842105263,0.20137536357395366,6,146
1103,2.0,9825.0,138.0,46.0,0.02127659574468085,0.016362763971805205,48,140
1104,18.0,8608.0,114.0,38.0,0.19148936170212766,0.201726493621831,56,132
1105,38.0,10435.0,108.0,4.0,0.40425531914893614,0.4821587187512517,42,146
1106,32.0,8901.0,102.0,10.0,0.36363636363636365,0.422373694897989,42,134
1107,14.0,3148.0,66.0,12.0,0.2641509433962264,0.2977755991086107,26,80
1108,14.0,2768.0,60.0,8.0,0.2916666666666667,0.33853573947676063,22,74
1109,50.0,7751.0,74.0,0.0,0.5747126436781609,0.6319909436208053,50,124
1110,36.0,18912.0,158.0,4.0,0.3076923076923077,0.4065516872330694,40,194
1111,42.0,17576.0,144.0,4.0,0.36206896551724144,0.45180771911917617,46,186
1112,0.0,5748.0,108.0,30.0,0.0,-0.00978550407936809,30,108
1113,42.0,13850.0,124.0,12.0,0.3818181818181818,0.4403139713561656,54,166
1114,16.0,14159.0,152.0,38.0,0.14414414414414414,0.16261152415381938,54,168
1115,0.0,2623.0,74.0,4.0,0.0,-0.0064636130022915185,4,74
1116,2.0,2143.0,64.0,2.0,0.05714285714285715,0.11761635242343774,4,66
1117,48.0,12718.0,112.0,2.0,0.45714285714285713,0.5340707510535371,50,160
1118,46.0,8516.0,84.0,0.0,0.5227272727272727,0.5919374815898317,46,130
1119,0.0,3736.0,88.0,4.0,0.0,-0.00496108409547873,4,88
1120,4.0,1431.0,50.0,0.0,0.13793103448275862,0.26753179495141455,4,54
1121,22.0,9018.0,114.0,26.0,0.2391304347826087,0.2661597472123306,48,136
1122,30.0,8632.0,102.0,14.0,0.3409090909090909,0.3888693259993085,44,132
1123,34.0,8897.0,100.0,14.0,0.3736263736263737,0.4192979806549473,48,134
1124,16.0,9012.0,120.0,32.0,0.1739130434782609,0.19114603975165287,48,136
1125,24.0,7217.0,98.0,42.0,0.2553191489361702,0.25859826955236936,66,122
1126,64.0,4944.0,34.0,8.0,0.7529411764705882,0.758032618066428,72,98
1127,0.0,4076.0,88.0,22.0,0.0,-0.010651513914334351,22,88
1128,16.0,2607.0,58.0,20.0,0.2909090909090909,0.29693850994978876,36,74
1129,38.0,11466.0,114.0,10.0,0.38000000000000006,0.44133236872565956,48,152
1130,16.0,7012.0,102.0,10.0,0.2222222222222222,0.2839751895629108,26,118
1131,8.0,7122.0,112.0,18.0,0.1095890410958904,0.13690870701548388,26,120
1132,24.0,7257.0,98.0,2.0,0.32432432432432434,0.42274942944573424,26,122
1133,12.0,6656.0,104.0,14.0,0.16901408450704225,0.21264381322847797,26,116
1134,0.0,6759.0,118.0,26.0,0.0,-0.00810873746295925,26,118
1135,48.0,6319.0,66.0,8.0,0.5647058823529412,0.5962207888771177,56,114
1136,44.0,4852.0,54.0,0.0,0.6197183098591549,0.6663615420835793,44,98
1137,38.0,3911.0,50.0,6.0,0.5757575757575758,0.6051276245724757,44,88
1138,42.0,5563.0,64.0,2.0,0.5599999999999999,0.6110405748866926,44,106
1139,44.0,3740.0,44.0,0.0,0.6666666666666666,0.7029836744275274,44,88
1140,42.0,5254.0,58.0,2.0,0.5833333333333334,0.6292568482176463,44,100
1141,0.0,3702.0,88.0,38.0,0.0,-0.015359522989126824,38,88
1142,64.0,13354.0,100.0,12.0,0.5333333333333333,0.5700670976380494,76,164
1143,40.0,5551.0,64.0,16.0,0.5,0.5179973531177648,56,104
1144,0.0,6419.0,114.0,22.0,0.0,-0.0077202397493111525,22,114
1145,10.0,3162.0,68.0,0.0,0.22727272727272727,0.3542683627908283,10,78
1146,12.0,3404.0,70.0,0.0,0.2553191489361702,0.3786723243968064,12,82
1147,4.0,3478.0,80.0,8.0,0.08333333333333333,0.11869691832309681,12,84
1148,10.0,2848.0,66.0,2.0,0.22727272727272727,0.325730031440363,12,76
1149,12.0,12209.0,144.0,38.0,0.11650485436893206,0.12983195634679115,50,156
1150,58.0,8909.0,76.0,2.0,0.5979381443298969,0.6438413922395231,60,134
1151,2.0,6524.0,114.0,30.0,0.027027027027027025,0.023958534816895243,32,116
1152,14.0,2345.0,56.0,0.0,0.33333333333333337,0.44196750668791257,14,70
1153,8.0,3239.0,74.0,0.0,0.17777777777777776,0.3088394876920096,8,82
1154,14.0,10702.0,134.0,28.0,0.1473684210526316,0.17182604980815847,42,148
1155,6.0,2701.0,68.0,0.0,0.15,0.28122930885728586,6,74
1156,46.0,9453.0,92.0,0.0,0.5,0.5745611211417901,46,138
1157,28.0,9032.0,106.0,14.0,0.3181818181818181,0.36859979551728417,42,134
1158,24.0,8630.0,106.0,18.0,0.27906976744186046,0.31951575565051143,42,130
1159,4.0,3239.0,76.0,2.0,0.09302325581395349,0.17829688875830732,6,80
1160,10.0,2484.0,62.0,0.0,0.24390243902439027,0.3681123159317177,10,72
1161,44.0,5770.0,64.0,8.0,0.5499999999999999,0.5823260689299188,52,108
1162,40.0,6658.0,76.0,12.0,0.47619047619047616,0.5098986591523244,52,116
1163,32.0,3728.0,56.0,12.0,0.4848484848484849,0.5067497289456186,44,88
1164,42.0,5141.0,60.0,10.0,0.5454545454545454,0.5712121618269462,52,102
1165,48.0,6437.0,66.0,4.0,0.5783132530120482,0.6195350582761798,52,114
1166,44.0,5666.0,62.0,6.0,0.5641025641025641,0.5998921485047594,50,106
1167,48.0,5561.0,58.0,4.0,0.6075949367088607,0.6423915168584317,52,106
1168,50.0,6327.0,62.0,2.0,0.6097560975609756,0.6516327446631317,52,112
1169,48.0,5561.0,58.0,4.0,0.6075949367088607,0.6423915168584317,52,106
1170,48.0,5991.0,62.0,4.0,0.5925925925925927,0.6306492922686333,52,110
1171,42.0,5451.0,62.0,10.0,0.5384615384615384,0.5658474121734236,52,104
1172,44.0,9174.0,90.0,8.0,0.4731182795698925,0.5233763358902405,52,134
1173,48.0,5668.0,58.0,4.0,0.6075949367088607,0.6424690234623581,52,106
1174,26.0,4448.0,68.0,18.0,0.37681159420289856,0.3961781636122492,44,94
1175,44.0,5770.0,64.0,8.0,0.5499999999999999,0.5823260689299188,52,108
1176,48.0,5457.0,56.0,4.0,0.6153846153846155,0.6485974103885348,52,104
1177,38.0,5656.0,70.0,14.0,0.47500000000000003,0.5010458624753626,52,108
1178,46.0,5881.0,62.0,6.0,0.575,0.6094638764699895,52,108
1179,46.0,5248.0,56.0,6.0,0.5974025974025974,0.6270442956045567,52,102
1180,48.0,4749.0,50.0,4.0,0.64,0.6680180657870795,52,98
1181,44.0,7496.0,78.0,8.0,0.5057471264367815,0.5482380527966313,52,122
1182,42.0,5877.0,66.0,10.0,0.525,0.5553653113636043,52,108
1183,40.0,4741.0,58.0,12.0,0.5333333333333333,0.5541905468319661,52,98
1184,66.0,13188.0,98.0,14.0,0.540983606557377,0.5728670743199309,80,164
1185,60.0,8644.0,70.0,4.0,0.6185567010309277,0.6546409972836029,64,130
1186,16.0,4826.0,84.0,24.0,0.22857142857142856,0.24365550587473767,40,100
1187,16.0,4444.0,80.0,20.0,0.24242424242424243,0.26308709241459705,36,96
1188,10.0,4818.0,88.0,34.0,0.1408450704225352,0.1410456108243685,44,98
1189,14.0,4633.0,84.0,22.0,0.208955223880597,0.2264018543368494,36,98
1190,34.0,4946.0,64.0,6.0,0.49275362318840576,0.5380070610847484,40,98
1191,22.0,4739.0,76.0,14.0,0.3283582089552239,0.36316844440223395,36,98
1192,28.0,4938.0,72.0,12.0,0.4,0.43624983394759803,40,100
1193,38.0,5246.0,66.0,6.0,0.5135135135135135,0.5568188250158896,44,104
1194,36.0,5041.0,66.0,8.0,0.49315068493150693,0.5319144014050724,44,102
1195,48.0,5031.0,54.0,18.0,0.5714285714285714,0.5785271631818281,66,102
1196,52.0,4641.0,46.0,14.0,0.6341463414634148,0.6407109010325835,66,98
1197,18.0,13816.0,150.0,44.0,0.15652173913043477,0.1704924465675806,62,168
1198,8.0,3225.0,72.0,16.0,0.15384615384615383,0.17208066744482642,24,80
1199,2.0,2679.0,72.0,22.0,0.04081632653061225,0.032852833133934264,24,74
1200,38.0,18100.0,152.0,46.0,0.2773722627737227,0.29611644275267773,84,190
1201,54.0,15723.0,124.0,30.0,0.4122137404580153,0.43753959678147775,84,178
1202,10.0,23800.0,210.0,70.0,0.06666666666666667,0.07030886702057781,80,220
1203,22.0,25600.0,204.0,52.0,0.14666666666666667,0.1660849888116875,74,226
1204,26.0,17520.0,162.0,58.0,0.19117647058823528,0.20136621024737533,84,188
1205,44.0,21280.0,164.0,40.0,0.3013698630136986,0.3289675406978174,84,208
1206,32.0,21063.0,174.0,52.0,0.2206896551724138,0.23871810968515114,84,206
1207,32.0,27444.0,202.0,52.0,0.20125786163522016,0.2244776547371713,84,234
1208,52.0,17546.0,136.0,32.0,0.38235294117647056,0.4098604279371356,84,188
1209,66.0,15735.0,112.0,18.0,0.5038167938931297,0.5364904342090008,84,178
1210,48.0,18110.0,142.0,36.0,0.35036496350364965,0.37586860627474417,84,190
1211,64.0,20686.0,140.0,20.0,0.4444444444444444,0.4859943763669684,84,204
1212,48.0,16435.0,134.0,36.0,0.3609022556390977,0.38385182786936434,84,182
1213,68.0,22140.0,142.0,16.0,0.4625850340136055,0.5093995783292977,84,210
1214,18.0,19838.0,182.0,62.0,0.1285714285714286,0.13696399743016835,80,200
1215,44.0,17725.0,146.0,40.0,0.3211678832116789,0.3438754318408254,84,190
1216,48.0,22972.0,164.0,36.0,0.3243243243243244,0.35621917163651584,84,212
1217,62.0,20889.0,142.0,22.0,0.4305555555555555,0.4706395361600283,84,204
1218,42.0,24050.0,178.0,40.0,0.27814569536423844,0.30909844762539845,82,220
1219,50.0,19078.0,144.0,34.0,0.3597122302158273,0.38786016701743314,84,194
1220,42.0,18485.0,152.0,42.0,0.302158273381295,0.32460243060720684,84,194
1221,50.0,18882.0,144.0,34.0,0.3597122302158273,0.3878207363932925,84,194
1222,46.0,20065.0,152.0,38.0,0.3262411347517731,0.35278462130643773,84,198
1223,56.0,20881.0,150.0,28.0,0.38620689655172413,0.4223833350276121,84,206
1224,40.0,18296.0,152.0,40.0,0.29411764705882354,0.3183981059366368,80,192
1225,54.0,17548.0,134.0,30.0,0.3970588235294118,0.4258984446825018,84,188
1226,28.0,15874.0,152.0,56.0,0.21212121212121213,0.22189641779936106,84,180
1227,30.0,15523.0,146.0,54.0,0.23076923076923075,0.24100327989009387,84,176
1228,42.0,21693.0,168.0,42.0,0.28571428571428575,0.312268606874492,84,210
1229,40.0,24710.0,182.0,44.0,0.261437908496732,0.2892218095716852,84,222
1230,70.0,18316.0,122.0,20.0,0.49645390070921985,0.5294443376317485,90,192
1231,8.0,2699.0,66.0,2.0,0.19047619047619047,0.2886715591170658,10,74
1232,0.0,2691.0,74.0,10.0,0.0,-0.009954191693691924,10,74
1233,10.0,3828.0,78.0,0.0,0.20408163265306123,0.33371713695307853,10,88
1234,10.0,2701.0,64.0,0.0,0.2380952380952381,0.36332799681975525,10,74
1235,0.0,2546.0,72.0,10.0,0.0,-0.010372919376729524,10,72
1236,70.0,17745.0,120.0,20.0,0.5,0.5321719080791935,90,190
1237,10.0,2701.0,64.0,0.0,0.2380952380952381,0.36332799681975525,10,74
1238,46.0,8114.0,82.0,14.0,0.4893617021276596,0.5202134409902799,60,128
1239,50.0,4560.0,44.0,2.0,0.684931506849315,0.7113057110467631,52,94
1240,14.0,10124.0,128.0,30.0,0.15053763440860216,0.1709851051907056,44,142
1241,62.0,18308.0,130.0,28.0,0.43971631205673756,0.46811935208760597,90,192
1242,46.0,5459.0,58.0,2.0,0.6052631578947368,0.6472102584961756,48,104
1243,150.0,79730.0,250.0,70.0,0.48387096774193555,0.503899102925332,220,400
1244,124.0,54566.0,206.0,50.0,0.4920634920634921,0.5154794367294819,174,330
1245,138.0,55541.0,196.0,70.0,0.5092250922509225,0.5213839220828536,208,334
1246,156.0,82974.0,252.0,54.0,0.5048543689320388,0.5314082372664538,210,408
1247,194.0,94720.0,242.0,110.0,0.5243243243243243,0.5311118393873022,304,436
1248,170.0,54580.0,160.0,36.0,0.6343283582089552,0.6504438992643226,206,330
1249,92.0,26550.0,138.0,16.0,0.5443786982248521,0.5815173787812044,108,230
1250,104.0,55181.0,230.0,96.0,0.3895131086142323,0.3996596345877958,200,334
1251,150.0,53252.0,178.0,48.0,0.5703422053231939,0.5867278325083036,198,328
1252,18.0,3462.0,66.0,24.0,0.2857142857142857,0.29155823703050965,42,84
1253,32.0,2917.0,44.0,10.0,0.5423728813559322,0.5585633121976817,42,76
1254,44.0,2774.0,32.0,0.0,0.7333333333333334,0.7565348472168727,44,76
1255,36.0,3734.0,52.0,6.0,0.5538461538461539,0.5862401408098901,42,88
1256,42.0,3740.0,44.0,2.0,0.6461538461538462,0.6782261066720692,44,86
1257,16.0,2750.0,60.0,24.0,0.27586206896551724,0.2764766376311973,40,76
1258,22.0,2832.0,54.0,18.0,0.37931034482758624,0.3878642409898977,40,76
1259,40.0,3828.0,48.0,0.0,0.625,0.6700122451632736,40,88
1260,40.0,3486.0,44.0,0.0,0.6451612903225806,0.6857513817026416,40,84
1261,26.0,3553.0,60.0,16.0,0.40625,0.4235947708016847,42,86
1262,36.0,4088.0,56.0,6.0,0.5373134328358209,0.5734801140745787,42,92
1263,0.0,2119.0,66.0,26.0,0.0,-0.019134594929397595,26,66
1264,110.0,34935.0,156.0,44.0,0.5238095238095238,0.5409713529272108,154,266
1265,64.0,5045.0,38.0,4.0,0.7529411764705882,0.7649258964667426,68,102
1266,26.0,3985.0,64.0,20.0,0.38235294117647056,0.39493684730797796,46,90
1267,86.0,12873.0,72.0,10.0,0.6771653543307087,0.6956198874352351,96,158
1268,186.0,50055.0,132.0,30.0,0.696629213483146,0.7082486508007658,216,318
1269,52.0,4739.0,46.0,14.0,0.6341463414634148,0.6408313122089383,66,98
1270,40.0,2844.0,36.0,6.0,0.6557377049180327,0.6702854680624161,46,76
1271,36.0,3313.0,46.0,8.0,0.5714285714285715,0.5926648223913226,44,82
1272,66.0,4950.0,34.0,0.0,0.7951807228915663,0.8096280579965995,66,100
1273,138.0,36013.0,130.0,34.0,0.6272727272727273,0.6407279705189823,172,268
1274,50.0,32067.0,204.0,64.0,0.2717391304347826,0.2902283305460904,114,254
1275,42.0,4086.0,50.0,8.0,0.5915492957746479,0.6134668510851304,50,92
1276,138.0,36820.0,134.0,36.0,0.6188340807174888,0.6322756505174534,174,272
1277,190.0,44838.0,110.0,12.0,0.7569721115537849,0.7706546714283429,202,300
1278,178.0,46936.0,128.0,36.0,0.6846153846153846,0.6939927472525305,214,306
1279,126.0,35193.0,140.0,52.0,0.5675675675675675,0.5765319982469438,178,266
1280,106.0,46573.0,200.0,92.0,0.42063492063492064,0.42769267731479016,198,306
1281,62.0,61294.0,288.0,132.0,0.2279411764705882,0.23474987234971487,194,350
1282,140.0,59605.0,206.0,80.0,0.49469964664310956,0.5052189923989716,220,346
1283,44.0,74936.0,344.0,142.0,0.15331010452961674,0.16083940494099966,186,388
1284,84.0,67416.0,282.0,114.0,0.29787234042553196,0.3093572948827627,198,366
1285,22.0,66311.0,344.0,118.0,0.08695652173913042,0.09415708568826023,140,366
